rank_from_top,rank_from_bottom,tag,n_questions,acceptance_rate,acceptance_ci_low,acceptance_ci_high,answer_rate,positive_answer_rate,acceptance_given_answered,acceptance_per_answer,self_accepted_share,closed_in_window_share,duplicate_share,median_days_to_first_answer,answers_per_question,distinct_answerers_per_100_questions,window_capture_ratio,first_tag_share,acceptance_rate_as_first_tag,acceptance_rate_as_later_tag,acceptance_rate_lifetime
1,470,awk,1122,0.664,0.6358,0.691,0.9572,0.7879,0.6937,0.271,0.0148,0.1025,0.0312,0,2.45,31.5,0.9777,0.2816,0.6899,0.6538,0.6791
2,468,dplyr,3654,0.6363,0.6206,0.6517,0.8998,0.7124,0.7071,0.4226,0.0151,0.0553,0.0487,0,1.51,23.6,0.9818,0.0203,0.4865,0.6394,0.6481
3,469,sed,944,0.6218,0.5905,0.6522,0.9407,0.7394,0.661,0.2847,0.0256,0.1102,0.053,0,2.18,41.6,0.9767,0.1239,0.5983,0.6252,0.6367
4,467,tidyverse,1298,0.6163,0.5896,0.6424,0.8575,0.6749,0.7188,0.4435,0.0163,0.0532,0.047,0,1.39,34.7,0.9768,0.0123,0.25,0.6209,0.631
5,465,regex,6262,0.5981,0.5859,0.6101,0.9011,0.6447,0.6637,0.4196,0.0262,0.1132,0.0648,0,1.43,47.8,0.977,0.378,0.5615,0.6203,0.6121
6,466,pandas-groupby,997,0.6018,0.5711,0.6317,0.8455,0.5958,0.7117,0.4831,0.0167,0.0562,0.0491,0,1.25,40.7,0.9693,0.007,0.1429,0.6051,0.6209
7,463,beautifulsoup,2295,0.556,0.5356,0.5762,0.9285,0.5015,0.5988,0.4382,0.0204,0.0301,0.0148,0,1.27,44.0,0.9733,0.0153,0.4,0.5584,0.5712
8,464,group-by,1674,0.5556,0.5317,0.5792,0.8345,0.54,0.6657,0.4611,0.0237,0.0639,0.0538,0,1.2,56.2,0.9779,0.0376,0.254,0.5673,0.5681
9,461,google-sheets-formula,1521,0.5444,0.5193,0.5693,0.8895,0.5174,0.612,0.4544,0.0181,0.0296,0.0191,0,1.2,16.7,0.9776,0.071,0.2685,0.5655,0.5569
10,453,dataframe,18557,0.5191,0.5119,0.5263,0.8185,0.5248,0.6343,0.417,0.0275,0.0668,0.0591,0,1.24,27.8,0.9782,0.0394,0.3579,0.5257,0.5307
11,462,c++20,941,0.542,0.51,0.5736,0.7694,0.6865,0.7044,0.503,0.0451,0.1445,0.1073,0,1.08,32.9,0.9696,0.0043,0.5,0.5422,0.559
12,459,haskell,1325,0.5358,0.5089,0.5626,0.8317,0.7494,0.6443,0.4778,0.0634,0.0725,0.0415,0,1.12,23.8,0.9699,0.8558,0.5344,0.5445,0.5525
13,460,julia,1094,0.5356,0.506,0.565,0.8492,0.6974,0.6308,0.4603,0.0734,0.0165,0.0046,0,1.16,23.9,0.9575,0.4753,0.5673,0.507,0.5594
14,456,ggplot2,4473,0.5171,0.5024,0.5317,0.7738,0.5408,0.6683,0.5315,0.0311,0.0579,0.0516,0,0.97,18.6,0.9768,0.0295,0.4015,0.5206,0.5294
15,452,dictionary,5310,0.5087,0.4952,0.5221,0.8311,0.5335,0.6121,0.3626,0.0348,0.0738,0.0516,0,1.4,71.0,0.9754,0.0369,0.3673,0.5141,0.5215
16,457,replace,1166,0.5197,0.491,0.5483,0.8285,0.5326,0.6273,0.3811,0.0429,0.0866,0.0652,0,1.36,92.5,0.9696,0.0369,0.2326,0.5307,0.536
17,450,rust,5086,0.5037,0.49,0.5175,0.7757,0.5798,0.6494,0.5271,0.0984,0.079,0.0647,0,0.96,24.5,0.9614,0.7265,0.5237,0.4508,0.524
18,458,aggregation-framework,914,0.5208,0.4884,0.553,0.7702,0.4672,0.6761,0.5561,0.0357,0.0131,0.0131,0,0.94,20.8,0.9734,0.0055,0.2,0.5226,0.535
19,445,pandas,31907,0.4928,0.4874,0.4983,0.799,0.4939,0.6168,0.4204,0.031,0.0721,0.0624,0,1.17,23.2,0.9762,0.0853,0.3974,0.5017,0.5048
20,447,list,8917,0.4933,0.483,0.5037,0.8503,0.5409,0.5802,0.3218,0.0236,0.1025,0.0768,0,1.53,70.0,0.9726,0.0986,0.4005,0.5035,0.5072
21,451,join,1436,0.4958,0.47,0.5217,0.8447,0.4826,0.587,0.4233,0.0449,0.0529,0.0292,0,1.17,63.0,0.9753,0.0467,0.3284,0.504,0.5084
22,454,split,1164,0.4983,0.4696,0.527,0.8548,0.5369,0.5829,0.3331,0.0259,0.0773,0.055,0,1.5,99.9,0.9667,0.0284,0.3939,0.5013,0.5155
23,441,string,6889,0.479,0.4672,0.4908,0.8374,0.5502,0.572,0.3296,0.0364,0.1228,0.0896,0,1.45,77.6,0.9769,0.1267,0.449,0.4834,0.4903
24,455,count,962,0.4979,0.4664,0.5295,0.8181,0.4969,0.6086,0.3962,0.0271,0.0447,0.0291,0,1.26,83.5,0.9657,0.0541,0.1731,0.5165,0.5156
25,442,google-sheets,5954,0.4782,0.4655,0.4909,0.8295,0.4676,0.5764,0.4402,0.0277,0.0527,0.0391,0,1.09,14.3,0.9777,0.3247,0.4428,0.4952,0.4891
26,448,xpath,1551,0.4823,0.4575,0.5072,0.8659,0.4307,0.557,0.3878,0.0428,0.0258,0.0226,0,1.24,35.5,0.9652,0.0858,0.4511,0.4852,0.4997
27,446,linq,1761,0.4793,0.456,0.5026,0.8058,0.515,0.5948,0.4017,0.064,0.0579,0.0409,0,1.19,54.3,0.9769,0.0653,0.4087,0.4842,0.4906
28,431,arrays,18819,0.4601,0.453,0.4672,0.8099,0.4867,0.568,0.3436,0.0347,0.1064,0.0805,0,1.34,60.1,0.9751,0.2767,0.4484,0.4645,0.4718
29,444,tsql,1626,0.4711,0.4469,0.4954,0.8253,0.5498,0.5708,0.383,0.0379,0.0849,0.0627,0,1.23,41.2,0.9733,0.0959,0.359,0.483,0.484
30,449,c++17,1000,0.477,0.4462,0.508,0.756,0.623,0.631,0.4492,0.0545,0.136,0.097,0,1.06,40.6,0.954,0.022,0.4091,0.4785,0.5
31,440,generics,1917,0.4679,0.4457,0.4903,0.7246,0.517,0.6458,0.4815,0.0635,0.0949,0.0819,0,0.97,55.6,0.9687,0.0793,0.5132,0.464,0.483
32,410,r,35658,0.4442,0.439,0.4493,0.7054,0.4868,0.6297,0.4349,0.0419,0.0506,0.0432,0,1.02,11.5,0.9718,0.9658,0.4474,0.3522,0.457
33,423,numpy,8614,0.4485,0.438,0.459,0.7535,0.489,0.5951,0.409,0.0463,0.0461,0.037,0,1.1,38.1,0.9699,0.0483,0.2909,0.4565,0.4624
34,443,struct,1301,0.4643,0.4373,0.4914,0.7879,0.5427,0.5893,0.4117,0.0513,0.0922,0.073,0,1.13,58.1,0.9773,0.0492,0.4531,0.4648,0.475
35,439,rxjs,1309,0.4622,0.4353,0.4893,0.8487,0.5302,0.5446,0.3732,0.0628,0.0115,0.0076,0,1.24,48.8,0.9649,0.1001,0.4809,0.4601,0.479
36,427,if-statement,3439,0.4469,0.4304,0.4636,0.8241,0.4856,0.5423,0.3459,0.0273,0.1009,0.0678,0,1.29,88.1,0.9753,0.1053,0.453,0.4462,0.4583
37,422,google-apps-script,4778,0.4433,0.4292,0.4574,0.7955,0.4295,0.5572,0.4375,0.0486,0.0831,0.0659,0,1.01,15.7,0.9716,0.6388,0.4227,0.4797,0.4563
38,415,bash,7314,0.4401,0.4288,0.4515,0.771,0.5085,0.5708,0.3558,0.069,0.1336,0.103,0,1.24,33.9,0.9687,0.6203,0.4549,0.4159,0.4543
39,420,for-loop,4692,0.4425,0.4283,0.4567,0.7907,0.4759,0.5596,0.3476,0.039,0.0853,0.0637,0,1.27,78.4,0.9687,0.0531,0.3253,0.449,0.4567
40,425,datetime,3503,0.4445,0.4281,0.461,0.7782,0.4653,0.5712,0.3998,0.0514,0.0825,0.0665,0,1.11,68.5,0.9762,0.052,0.3571,0.4493,0.4553
41,436,react-router-dom,1514,0.4524,0.4275,0.4776,0.7768,0.4234,0.5825,0.4164,0.0832,0.1189,0.1123,0,1.09,55.7,0.9554,0.0139,0.2381,0.4555,0.4736
42,437,lambda,1249,0.4548,0.4273,0.4825,0.7294,0.4732,0.6235,0.4232,0.0493,0.1017,0.0857,0,1.07,73.9,0.9578,0.0448,0.2321,0.4652,0.4748
43,418,sorting,3163,0.4379,0.4207,0.4552,0.786,0.4856,0.5571,0.344,0.0318,0.099,0.0689,0,1.27,80.1,0.9733,0.0857,0.3063,0.4502,0.4499
44,438,ecmascript-6,986,0.4513,0.4205,0.4825,0.7363,0.4899,0.6129,0.356,0.0315,0.1288,0.1055,0,1.27,85.8,0.9529,0.0193,0.3684,0.4529,0.4736
45,435,conditional-statements,1186,0.4477,0.4196,0.4761,0.7875,0.4688,0.5685,0.3644,0.0339,0.0582,0.0481,0,1.23,92.2,0.9725,0.0354,0.2381,0.4554,0.4604
46,428,pointers,1923,0.4415,0.4194,0.4638,0.8102,0.6011,0.5449,0.3451,0.0271,0.1492,0.1108,0,1.28,50.6,0.9582,0.0426,0.3415,0.446,0.4607
47,412,date,3224,0.4333,0.4163,0.4505,0.7723,0.4507,0.561,0.3884,0.053,0.08,0.0633,0,1.12,69.3,0.9715,0.1151,0.3261,0.4472,0.446
48,419,recursion,2196,0.4349,0.4143,0.4557,0.791,0.4841,0.5498,0.3454,0.0377,0.0829,0.0583,0,1.26,74.9,0.9825,0.0847,0.3118,0.4463,0.4426
49,433,svelte,1171,0.4415,0.4133,0.4701,0.7566,0.4987,0.5835,0.4818,0.1103,0.0162,0.0137,0,0.92,35.2,0.9366,0.316,0.4486,0.4382,0.4714
50,429,multidimensional-array,1312,0.4383,0.4116,0.4653,0.779,0.4619,0.5626,0.3619,0.0348,0.0945,0.0747,0,1.21,85.9,0.9664,0.0366,0.2292,0.4462,0.4535
51,411,shiny,2447,0.4307,0.4112,0.4504,0.642,0.3935,0.6709,0.5962,0.0911,0.0123,0.0098,0,0.72,18.1,0.9759,0.0642,0.2803,0.441,0.4414
52,430,use-state,1223,0.4374,0.4099,0.4654,0.7874,0.4497,0.5556,0.3664,0.028,0.0548,0.0491,0,1.19,85.1,0.9781,0.0016,0.5,0.4373,0.4473
53,424,mongodb-query,1485,0.4343,0.4093,0.4597,0.7313,0.402,0.5939,0.4803,0.0512,0.0114,0.0101,0,0.9,26.7,0.9656,0.0135,0.25,0.4369,0.4498
54,417,templates,1846,0.4317,0.4093,0.4545,0.6939,0.5016,0.6222,0.4583,0.0565,0.123,0.1002,0,0.94,38.4,0.9779,0.0742,0.2409,0.447,0.4415
55,434,seaborn,993,0.4391,0.4085,0.4701,0.6365,0.434,0.6899,0.5837,0.0573,0.2427,0.2306,0,0.75,31.8,0.9909,0.0332,0.4242,0.4396,0.4431
56,406,object,3392,0.4222,0.4056,0.4389,0.7742,0.4393,0.5453,0.3253,0.0363,0.1297,0.1047,0,1.3,82.9,0.9768,0.0254,0.1744,0.4286,0.4322
57,432,duplicates,908,0.435,0.4031,0.4675,0.7577,0.4548,0.5741,0.3502,0.038,0.0672,0.0573,0,1.24,87.1,0.985,0.0507,0.2174,0.4466,0.4416
58,421,vector,1287,0.4297,0.4029,0.4569,0.7405,0.5221,0.5803,0.383,0.0434,0.1002,0.0746,0,1.12,58.7,0.984,0.0932,0.3083,0.4422,0.4367
59,416,flexbox,1485,0.4263,0.4013,0.4516,0.8061,0.4209,0.5288,0.3256,0.0679,0.1354,0.1246,0,1.31,78.7,0.9738,0.0182,0.2963,0.4287,0.4377
60,426,nested,904,0.4303,0.3984,0.4628,0.7555,0.3938,0.5695,0.3751,0.0488,0.0476,0.0365,0,1.15,91.9,0.9798,0.0254,0.1304,0.4381,0.4392
61,405,filter,2506,0.4162,0.397,0.4356,0.7203,0.3935,0.5778,0.3882,0.0547,0.0459,0.0371,0,1.07,71.6,0.9702,0.1006,0.1587,0.445,0.429
62,401,loops,5543,0.4092,0.3963,0.4222,0.7808,0.4274,0.524,0.3298,0.0392,0.0772,0.0559,0,1.24,76.9,0.9726,0.0732,0.2833,0.4191,0.4207
63,402,algorithm,4461,0.4087,0.3943,0.4232,0.755,0.5118,0.5413,0.3432,0.0378,0.0717,0.0343,0,1.19,52.0,0.9661,0.345,0.3216,0.4545,0.423
64,380,sql,27412,0.4,0.3942,0.4058,0.7816,0.4391,0.5118,0.3599,0.0461,0.0598,0.043,0,1.11,28.1,0.9702,0.7389,0.4124,0.3647,0.4123
65,408,xaml,1310,0.4183,0.3919,0.4452,0.6962,0.355,0.6009,0.5074,0.115,0.042,0.0374,0,0.82,31.9,0.9665,0.1771,0.3879,0.4249,0.4328
66,407,random,1445,0.4166,0.3914,0.4422,0.7869,0.4768,0.5295,0.3422,0.0316,0.0934,0.0664,0,1.22,92.7,0.9647,0.0768,0.3063,0.4258,0.4318
67,413,foreach,1043,0.4209,0.3913,0.4511,0.7555,0.4036,0.5571,0.3814,0.0638,0.0767,0.0652,0,1.1,87.3,0.9734,0.0403,0.3333,0.4246,0.4324
68,403,react-router,1947,0.4104,0.3887,0.4324,0.7473,0.3842,0.5491,0.394,0.0726,0.1263,0.1181,0,1.04,55.5,0.958,0.0308,0.2667,0.4149,0.4284
69,409,c++11,1093,0.4172,0.3883,0.4467,0.7228,0.5371,0.5772,0.4187,0.0636,0.1317,0.0997,0,1.0,42.8,0.9702,0.1171,0.25,0.4394,0.43
70,414,enums,919,0.4189,0.3874,0.4511,0.7323,0.5103,0.5721,0.4036,0.0909,0.0805,0.0544,0,1.04,80.0,0.9649,0.0348,0.3125,0.4228,0.4342
71,404,types,1673,0.4094,0.3861,0.4332,0.6987,0.4734,0.586,0.4319,0.0657,0.0825,0.0723,0,0.95,67.1,0.9607,0.055,0.4022,0.4099,0.4262
72,391,web-scraping,4655,0.3991,0.3852,0.4133,0.7203,0.3622,0.5541,0.4237,0.0398,0.0223,0.0135,0,0.94,37.1,0.9692,0.064,0.2114,0.412,0.4118
73,383,react-hooks,5368,0.394,0.381,0.4071,0.7355,0.4015,0.5357,0.3762,0.0643,0.0466,0.0369,0,1.05,56.0,0.968,0.0153,0.2195,0.3967,0.407
74,397,discord.js,2567,0.3985,0.3797,0.4176,0.7974,0.3136,0.4998,0.4024,0.0811,0.0401,0.0284,0,0.99,36.5,0.9525,0.1071,0.3745,0.4014,0.4184
75,375,function,6147,0.3893,0.3772,0.4016,0.7423,0.4215,0.5244,0.3492,0.0401,0.1088,0.0867,0,1.11,71.5,0.974,0.089,0.2852,0.3995,0.3997
76,374,swiftui,5870,0.3889,0.3765,0.4015,0.6581,0.356,0.591,0.4724,0.0999,0.0411,0.0305,0,0.82,19.6,0.9617,0.2213,0.3657,0.3955,0.4044
77,392,snowflake-cloud-data-platform,2333,0.3935,0.3739,0.4135,0.8491,0.5032,0.4634,0.3183,0.0403,0.0056,0.0026,0,1.24,20.5,0.9623,0.3982,0.3638,0.4131,0.4089
78,361,json,16329,0.3801,0.3727,0.3876,0.7035,0.3655,0.5403,0.3975,0.0794,0.0579,0.0439,0,0.96,54.2,0.9598,0.3267,0.3573,0.3912,0.396
79,382,android-jetpack-compose,2798,0.3881,0.3702,0.4063,0.6455,0.3885,0.6013,0.4945,0.1151,0.0236,0.0207,0,0.78,24.5,0.9211,0.1215,0.3794,0.3893,0.4214
80,384,django-views,2482,0.3888,0.3698,0.4081,0.699,0.3308,0.5562,0.4431,0.0933,0.0085,0.0081,0,0.88,37.7,0.9583,0.0165,0.1951,0.3921,0.4057
81,400,merge,1342,0.3949,0.3691,0.4214,0.728,0.4158,0.5425,0.365,0.034,0.0648,0.0559,0,1.08,65.7,0.9761,0.0477,0.2344,0.403,0.4046
82,388,ansible,2115,0.3891,0.3686,0.4101,0.7305,0.46,0.5327,0.4291,0.1094,0.027,0.0113,0,0.91,23.5,0.9648,0.5853,0.4071,0.3637,0.4033
83,373,class,3450,0.3835,0.3674,0.3998,0.7067,0.4122,0.5427,0.3947,0.0506,0.127,0.0962,0,0.97,66.6,0.9657,0.047,0.2469,0.3902,0.3971
84,385,plotly,2033,0.3881,0.3671,0.4095,0.6262,0.3704,0.6198,0.556,0.076,0.0123,0.0089,0,0.7,24.7,0.9575,0.0861,0.2857,0.3977,0.4053
85,357,c,14200,0.3746,0.3667,0.3826,0.7249,0.4954,0.5167,0.3485,0.0645,0.1037,0.0692,0,1.07,26.8,0.961,0.8323,0.3727,0.3839,0.3898
86,378,async-await,2460,0.3846,0.3655,0.4039,0.6951,0.4378,0.5532,0.3935,0.0729,0.1142,0.1028,0,0.98,64.3,0.9723,0.0203,0.24,0.3876,0.3955
87,389,data-structures,1682,0.3882,0.3652,0.4117,0.7378,0.4566,0.5262,0.3522,0.0337,0.082,0.0535,0,1.1,68.7,0.9717,0.0898,0.298,0.3971,0.3995
88,395,inheritance,1263,0.3895,0.363,0.4167,0.7142,0.4576,0.5455,0.3961,0.0854,0.1077,0.0847,0,0.98,71.2,0.9666,0.0356,0.4222,0.3883,0.403
89,387,indexing,1619,0.386,0.3626,0.41,0.7122,0.4219,0.5421,0.3692,0.0448,0.0488,0.0389,0,1.05,69.8,0.9527,0.0587,0.2842,0.3924,0.4052
90,393,batch-file,1318,0.3885,0.3625,0.4151,0.7458,0.3612,0.5209,0.3765,0.0996,0.1184,0.0584,0,1.03,32.8,0.9697,0.4552,0.3667,0.4067,0.4006
91,360,go,5973,0.3742,0.362,0.3865,0.6903,0.4691,0.5421,0.4372,0.1387,0.0832,0.0578,0,0.86,35.7,0.9503,0.6576,0.3786,0.3658,0.3938
92,379,matrix,1763,0.3823,0.3599,0.4052,0.6875,0.4186,0.5561,0.3755,0.0415,0.0567,0.0414,0,1.02,60.1,0.9615,0.1134,0.25,0.3992,0.3976
93,356,powershell,7900,0.3703,0.3597,0.381,0.6728,0.3842,0.5503,0.4368,0.0968,0.0443,0.0353,0,0.85,23.7,0.96,0.6651,0.3721,0.3666,0.3857
94,368,google-bigquery,2822,0.3767,0.359,0.3947,0.7289,0.4465,0.5168,0.3987,0.0715,0.023,0.0181,0,0.94,27.2,0.9611,0.2913,0.3102,0.404,0.3919
95,396,select,1050,0.3876,0.3586,0.4174,0.7076,0.3733,0.5478,0.3944,0.059,0.0476,0.041,0,0.98,71.0,0.9737,0.0762,0.1375,0.4082,0.3981
96,399,scrapy,943,0.3892,0.3586,0.4207,0.6734,0.3043,0.578,0.488,0.0845,0.017,0.0095,0,0.8,32.9,0.9683,0.0901,0.3294,0.3951,0.4019
97,367,flutter-layout,2860,0.3755,0.358,0.3934,0.7811,0.3622,0.4808,0.3117,0.0736,0.0105,0.007,0,1.2,47.9,0.9658,0.0133,0.1579,0.3785,0.3888
98,371,apache-spark-sql,2186,0.3774,0.3573,0.3979,0.6784,0.3651,0.5563,0.4354,0.0897,0.0151,0.0128,0,0.87,26.5,0.9694,0.0334,0.3151,0.3796,0.3893
99,362,shell,3699,0.372,0.3566,0.3877,0.7094,0.4269,0.5244,0.3461,0.0778,0.1122,0.0827,0,1.07,39.5,0.967,0.2211,0.3178,0.3874,0.3847
100,370,excel-formula,2109,0.3765,0.356,0.3974,0.7435,0.4457,0.5064,0.3659,0.039,0.0375,0.028,0,1.03,25.7,0.9742,0.0944,0.2663,0.388,0.3864
101,363,terraform,3177,0.3711,0.3545,0.3881,0.7044,0.4101,0.5268,0.4602,0.1408,0.0054,0.0038,0,0.81,28.5,0.957,0.3705,0.367,0.3735,0.3878
102,398,opengl,895,0.3855,0.3541,0.4178,0.6145,0.4056,0.6273,0.5779,0.1449,0.0905,0.0603,0,0.67,24.1,0.9664,0.2346,0.3952,0.3825,0.3989
103,369,math,1924,0.3753,0.3539,0.3971,0.7225,0.433,0.5194,0.3654,0.054,0.0811,0.0483,0,1.03,68.2,0.9627,0.1435,0.3261,0.3835,0.3898
104,376,django-templates,1443,0.3784,0.3537,0.4037,0.684,0.3105,0.5532,0.4403,0.1044,0.0076,0.0076,0,0.86,43.5,0.9647,0.0201,0.1724,0.3826,0.3922
105,394,arraylist,953,0.3841,0.3537,0.4153,0.7744,0.4323,0.4959,0.3053,0.0273,0.1018,0.0703,0,1.26,93.1,0.9606,0.0199,0.2105,0.3876,0.3998
106,390,jsx,1017,0.3825,0.3531,0.4128,0.7257,0.3579,0.5271,0.3701,0.0823,0.0403,0.0295,0,1.03,84.2,0.9677,0.0108,0.2727,0.3837,0.3953
107,386,promise,1055,0.3801,0.3513,0.4098,0.6815,0.4123,0.5577,0.3962,0.0474,0.1877,0.1735,0,0.96,62.8,0.978,0.0237,0.12,0.3864,0.3886
108,337,c++,28449,0.3562,0.3507,0.3618,0.6558,0.4508,0.5432,0.4031,0.0953,0.1297,0.0933,0,0.88,22.2,0.9628,0.9586,0.3617,0.2285,0.37
109,350,oracle,5871,0.3628,0.3506,0.3752,0.7592,0.4405,0.4779,0.3338,0.0568,0.0593,0.0441,0,1.09,21.5,0.9634,0.3756,0.3039,0.3983,0.3766
110,365,oop,2271,0.3699,0.3503,0.3899,0.7292,0.4456,0.5072,0.3625,0.044,0.1312,0.0956,0,1.02,69.5,0.9655,0.0537,0.418,0.3671,0.3831
111,381,use-effect,1160,0.3776,0.3501,0.4058,0.7483,0.3974,0.5046,0.343,0.0685,0.0422,0.0379,0,1.1,80.9,0.9733,0.006,0.0,0.3799,0.3879
112,349,google-cloud-firestore,5231,0.3588,0.3459,0.3719,0.6928,0.3984,0.5179,0.4341,0.1215,0.0675,0.057,0,0.83,33.2,0.9675,0.0327,0.3684,0.3585,0.3709
113,377,plsql,1063,0.3744,0.3458,0.4039,0.8006,0.4976,0.4677,0.3416,0.0402,0.0461,0.032,0,1.1,24.9,0.9637,0.0611,0.2154,0.3848,0.3885
114,372,chart.js,1161,0.3704,0.3431,0.3985,0.6425,0.2825,0.5764,0.5012,0.1116,0.0233,0.0181,0,0.74,32.0,0.9773,0.1447,0.3214,0.3787,0.379
115,328,css,31364,0.3482,0.343,0.3535,0.7141,0.349,0.4876,0.3263,0.0672,0.0862,0.0699,0,1.07,43.3,0.9622,0.24,0.3048,0.3619,0.3619
116,327,typescript,26729,0.3475,0.3418,0.3532,0.6367,0.3499,0.5457,0.4187,0.108,0.0387,0.0331,0,0.83,35.3,0.9536,0.3573,0.3671,0.3366,0.3644
117,314,python,180317,0.3435,0.3414,0.3457,0.6597,0.3504,0.5207,0.3715,0.0788,0.0651,0.0517,0,0.92,21.6,0.9587,0.9921,0.3444,0.2351,0.3583
118,341,csv,4736,0.3535,0.34,0.3672,0.6957,0.3416,0.508,0.3679,0.0693,0.0405,0.0302,0,0.96,59.6,0.9648,0.1005,0.2752,0.3622,0.3663
119,346,django-models,3643,0.3552,0.3398,0.3709,0.6794,0.3283,0.5228,0.4185,0.092,0.0115,0.0093,0,0.85,33.7,0.9473,0.0299,0.156,0.3613,0.375
120,334,sql-server,9975,0.3489,0.3396,0.3583,0.7055,0.4083,0.4945,0.3543,0.0764,0.0769,0.0554,0,0.98,30.2,0.9619,0.3606,0.2669,0.3951,0.3627
121,358,parsing,1786,0.3611,0.3392,0.3837,0.682,0.3802,0.5296,0.3943,0.0651,0.0543,0.0381,0,0.92,64.4,0.9613,0.1551,0.3935,0.3552,0.3757
122,355,discord.py,1952,0.3591,0.3381,0.3807,0.7971,0.3432,0.4505,0.3678,0.0884,0.0415,0.0318,0,0.98,44.5,0.9473,0.0825,0.2981,0.3646,0.3791
123,359,eloquent,1508,0.3614,0.3375,0.386,0.7401,0.3422,0.4884,0.3411,0.1119,0.0199,0.0146,0,1.06,61.9,0.9578,0.0345,0.1538,0.3688,0.3773
124,317,python-3.x,24632,0.3424,0.3365,0.3484,0.6382,0.3352,0.5365,0.3866,0.0902,0.0598,0.0495,0,0.89,38.5,0.9611,0.4169,0.2883,0.3811,0.3562
125,322,dart,15304,0.3438,0.3363,0.3514,0.7052,0.3329,0.4875,0.3412,0.1038,0.0201,0.0153,0,1.01,27.8,0.9519,0.0453,0.4395,0.3393,0.3612
126,352,variables,2150,0.3563,0.3363,0.3768,0.7312,0.407,0.4873,0.3295,0.0483,0.1237,0.1047,0,1.08,83.0,0.9623,0.1163,0.312,0.3621,0.3702
127,340,wpf,3053,0.3498,0.3331,0.3669,0.623,0.3033,0.5615,0.4794,0.1573,0.0747,0.0635,0,0.73,30.6,0.9674,0.2381,0.3398,0.353,0.3616
128,354,bootstrap-5,1622,0.3545,0.3316,0.3781,0.6856,0.2879,0.5171,0.3758,0.0904,0.0444,0.0401,0,0.94,64.6,0.9536,0.0604,0.3367,0.3556,0.3718
129,330,matplotlib,5791,0.3435,0.3313,0.3558,0.5821,0.3112,0.59,0.4945,0.084,0.0746,0.068,0,0.69,29.7,0.9712,0.0706,0.22,0.3528,0.3537
130,366,asp.net-core-mvc,918,0.3617,0.3312,0.3933,0.719,0.3105,0.503,0.4064,0.1476,0.0283,0.0207,0,0.89,45.5,0.9459,0.1285,0.3559,0.3625,0.3824
131,305,html,44846,0.3347,0.3303,0.3391,0.6876,0.3266,0.4867,0.3298,0.0685,0.0811,0.0647,0,1.01,41.5,0.9637,0.4318,0.3378,0.3323,0.3473
132,364,methods,974,0.3583,0.3288,0.3889,0.7279,0.3819,0.4922,0.3379,0.0458,0.1232,0.0945,0,1.06,88.7,0.9614,0.0329,0.1875,0.3641,0.3727
133,353,while-loop,1437,0.3521,0.3279,0.3772,0.7808,0.405,0.451,0.274,0.0514,0.1218,0.0835,0,1.29,103.0,0.9825,0.0327,0.2553,0.3554,0.3584
134,290,javascript,123941,0.326,0.3234,0.3286,0.6425,0.3275,0.5074,0.3528,0.0899,0.0744,0.0608,0,0.92,29.4,0.9584,1.0,0.326,0.0,0.3402
135,332,vuejs3,3134,0.3395,0.3231,0.3563,0.6362,0.3389,0.5336,0.4348,0.1645,0.0128,0.0096,0,0.78,35.8,0.9466,0.1098,0.2471,0.3509,0.3586
136,329,discord,3173,0.3391,0.3228,0.3558,0.7381,0.2991,0.4594,0.3718,0.0855,0.0328,0.0208,0,0.91,44.7,0.9497,0.1327,0.2755,0.3488,0.3571
137,326,ruby,3788,0.3376,0.3228,0.3529,0.6819,0.3801,0.4952,0.3712,0.1243,0.028,0.0164,0,0.91,33.4,0.9404,0.3714,0.3504,0.3301,0.359
138,315,xml,5313,0.3337,0.3212,0.3465,0.6384,0.3104,0.5227,0.4147,0.0857,0.0476,0.0399,0,0.8,38.0,0.9543,0.3299,0.3674,0.3171,0.3497
139,348,time,1319,0.3457,0.3205,0.3718,0.696,0.3791,0.4967,0.3651,0.0592,0.0705,0.0546,0,0.95,75.9,0.958,0.0895,0.161,0.3639,0.3609
140,347,twitter-bootstrap,1242,0.3446,0.3187,0.3715,0.6731,0.3068,0.512,0.3808,0.1168,0.0419,0.0395,0,0.9,65.3,0.9705,0.1329,0.2727,0.3556,0.3551
141,351,redux-toolkit,1068,0.3464,0.3185,0.3755,0.6442,0.3118,0.5378,0.4534,0.1081,0.0075,0.0075,0,0.76,38.2,0.9463,0.029,0.4516,0.3433,0.3661
142,301,kotlin,12815,0.3259,0.3179,0.3341,0.6138,0.322,0.531,0.4085,0.1338,0.0279,0.0229,0,0.8,28.9,0.944,0.2069,0.4095,0.3041,0.3453
143,333,plot,2234,0.3371,0.3178,0.3569,0.5868,0.3277,0.5744,0.4842,0.0651,0.0425,0.0367,0,0.7,37.7,0.9666,0.0882,0.198,0.3505,0.3487
144,304,asp.net-core,6838,0.327,0.316,0.3382,0.6574,0.3001,0.4974,0.4011,0.1892,0.0202,0.0143,0,0.82,35.5,0.9332,0.2432,0.2826,0.3413,0.3504
145,319,sqlite,2917,0.3322,0.3153,0.3495,0.6226,0.2743,0.5336,0.4389,0.1373,0.0504,0.0432,0,0.76,45.8,0.9613,0.1556,0.3414,0.3305,0.3456
146,293,swift,14505,0.3223,0.3147,0.33,0.5945,0.3054,0.5422,0.4365,0.1286,0.0407,0.0305,0,0.74,20.7,0.9494,0.4897,0.3401,0.3052,0.3395
147,344,delphi,1086,0.3416,0.314,0.3703,0.6215,0.4401,0.5496,0.438,0.1267,0.0525,0.0414,0,0.78,24.2,0.9789,0.6915,0.3582,0.3045,0.349
148,274,c#,47989,0.3166,0.3124,0.3207,0.635,0.3249,0.4985,0.3799,0.1499,0.0536,0.0386,0,0.83,26.9,0.9484,0.9792,0.318,0.2515,0.3338
149,342,makefile,1038,0.3382,0.31,0.3675,0.6185,0.3353,0.5467,0.4625,0.1282,0.0453,0.0385,0,0.73,35.0,0.9804,0.315,0.3639,0.3263,0.3449
150,339,javafx,1118,0.3363,0.3092,0.3645,0.627,0.4651,0.5364,0.4619,0.2048,0.1735,0.1342,0,0.73,28.1,0.9716,0.1914,0.3458,0.3341,0.3462
151,336,.htaccess,1336,0.3338,0.3091,0.3596,0.6557,0.387,0.5091,0.439,0.1256,0.0487,0.0382,0,0.76,28.4,0.9654,0.3376,0.2927,0.3548,0.3458
152,345,state,903,0.3389,0.3087,0.3704,0.6932,0.34,0.4888,0.3521,0.085,0.0255,0.0255,0,0.96,82.1,0.9714,0.0255,0.2609,0.3409,0.3488
153,281,jquery,11899,0.316,0.3077,0.3244,0.6194,0.2733,0.5102,0.3741,0.0973,0.0656,0.0537,0,0.84,43.6,0.9643,0.2044,0.2718,0.3273,0.3277
154,343,vuetify.js,926,0.3369,0.3072,0.368,0.6728,0.3521,0.5008,0.4005,0.0994,0.0162,0.0119,0,0.84,40.5,0.963,0.0799,0.3378,0.3369,0.3499
155,323,vuejs2,1612,0.3288,0.3063,0.3521,0.6377,0.348,0.5156,0.4052,0.1113,0.0217,0.0143,0,0.81,42.2,0.9619,0.1203,0.1856,0.3484,0.3418
156,275,postgresql,12796,0.3136,0.3056,0.3217,0.619,0.315,0.5066,0.4019,0.1246,0.0266,0.0218,0,0.78,30.4,0.9523,0.42,0.278,0.3394,0.3293
157,307,.net-6.0,2485,0.3235,0.3054,0.3422,0.5972,0.3139,0.5418,0.4355,0.245,0.033,0.027,0,0.74,46.5,0.9168,0.0358,0.2247,0.3272,0.3529
158,300,tkinter,4595,0.3186,0.3053,0.3322,0.6061,0.2792,0.5257,0.4344,0.0827,0.0666,0.0598,0,0.73,27.3,0.9644,0.0344,0.2468,0.3212,0.3304
159,318,yaml,1765,0.3263,0.3049,0.3486,0.6555,0.3473,0.4978,0.4103,0.1337,0.0176,0.0125,0,0.8,48.0,0.9505,0.1785,0.2952,0.3331,0.3433
160,335,cmd,1134,0.3316,0.3048,0.3595,0.7134,0.343,0.4648,0.3485,0.1356,0.0873,0.0503,0,0.95,54.1,0.9495,0.0758,0.2558,0.3378,0.3492
161,321,button,1576,0.3274,0.3047,0.351,0.6923,0.2703,0.473,0.337,0.0581,0.0457,0.0381,0,0.97,82.1,0.9754,0.0857,0.2519,0.3345,0.3357
162,338,unix,1013,0.3327,0.3043,0.3623,0.6871,0.4038,0.4842,0.3179,0.0415,0.1106,0.0652,0,1.05,51.5,0.9601,0.1668,0.2071,0.3578,0.3465
163,331,text,1256,0.3296,0.3042,0.3561,0.6648,0.3161,0.4958,0.3419,0.058,0.0486,0.0358,0,0.96,77.3,0.9628,0.0995,0.2,0.3439,0.3424
164,311,blazor,2083,0.3226,0.3029,0.343,0.65,0.3332,0.4963,0.3855,0.1994,0.0158,0.0106,0,0.84,34.6,0.9295,0.2218,0.2987,0.3294,0.3471
165,309,svg,2057,0.3223,0.3025,0.3428,0.6242,0.368,0.5164,0.3953,0.1342,0.0656,0.054,0,0.82,44.2,0.9553,0.1283,0.2652,0.3307,0.3374
166,271,vue.js,10819,0.3109,0.3023,0.3197,0.6139,0.3154,0.5065,0.3996,0.1504,0.0253,0.0171,0,0.78,33.2,0.9399,0.3945,0.3015,0.3171,0.3308
167,325,django-forms,1322,0.3268,0.302,0.3525,0.6331,0.2526,0.5161,0.4252,0.1551,0.0113,0.0113,0,0.77,39.6,0.9579,0.0151,0.1,0.3303,0.3411
168,287,google-cloud-platform,5535,0.3138,0.3017,0.3262,0.6654,0.4143,0.4716,0.3981,0.1831,0.0136,0.0076,0,0.79,27.2,0.943,0.4535,0.2805,0.3415,0.3328
169,303,asynchronous,2522,0.3192,0.3013,0.3376,0.6197,0.3604,0.515,0.3822,0.1056,0.0904,0.0813,0,0.84,60.3,0.9618,0.0753,0.2789,0.3225,0.3319
170,312,google-cloud-functions,1631,0.3219,0.2997,0.345,0.664,0.4231,0.4848,0.4124,0.1962,0.0349,0.0307,0,0.78,34.5,0.9243,0.0399,0.2769,0.3238,0.3483
171,283,pyspark,5198,0.312,0.2996,0.3248,0.6195,0.3067,0.5037,0.3989,0.1085,0.0131,0.0108,0,0.78,21.8,0.9458,0.1841,0.2999,0.3148,0.3299
172,320,lua,1296,0.3241,0.2991,0.35,0.6867,0.3449,0.4719,0.3808,0.0929,0.0239,0.0193,0,0.85,30.6,0.9292,0.6281,0.3514,0.278,0.3488
173,261,mysql,17323,0.3059,0.2991,0.3128,0.6492,0.2931,0.4712,0.3571,0.0953,0.0783,0.063,0,0.86,36.5,0.9624,0.6825,0.3273,0.2598,0.3178
174,292,scala,3010,0.313,0.2966,0.3298,0.6173,0.3761,0.507,0.4099,0.1295,0.0219,0.014,0,0.76,27.5,0.9458,0.7352,0.3226,0.2861,0.3309
175,310,dom,1526,0.3191,0.2962,0.343,0.6468,0.3191,0.4934,0.3489,0.0739,0.0898,0.0727,0,0.91,68.7,0.9587,0.0203,0.1935,0.3217,0.3329
176,263,vba,9296,0.3036,0.2943,0.313,0.6539,0.324,0.4642,0.3567,0.0882,0.0469,0.0353,0,0.85,17.1,0.9671,0.2051,0.2758,0.3107,0.3139
177,299,cypress,2306,0.3127,0.2941,0.3319,0.6852,0.399,0.4563,0.2936,0.1221,0.0074,0.0056,0,1.07,22.4,0.955,0.3122,0.3444,0.2982,0.3274
178,267,git,5975,0.3056,0.2941,0.3174,0.6726,0.4164,0.4543,0.3573,0.1309,0.0939,0.0797,0,0.86,34.7,0.9393,0.8616,0.3087,0.2866,0.3254
179,294,entity-framework-core,2421,0.3114,0.2933,0.3302,0.601,0.3081,0.5182,0.4166,0.1817,0.0322,0.0285,0,0.75,40.6,0.9355,0.1012,0.2163,0.3222,0.3329
180,324,colors,951,0.3218,0.2928,0.3521,0.5952,0.3165,0.5406,0.4141,0.1046,0.0452,0.0358,0,0.78,65.1,0.9623,0.1146,0.1284,0.3468,0.3344
181,295,tailwind-css,2182,0.3107,0.2917,0.3305,0.6719,0.3121,0.4625,0.357,0.1342,0.027,0.022,0,0.87,53.1,0.915,0.1146,0.28,0.3147,0.3396
182,316,smartcontracts,992,0.3185,0.2903,0.3482,0.6835,0.2782,0.4661,0.399,0.1266,0.004,0.001,0,0.8,34.9,0.924,0.0706,0.3857,0.3134,0.3448
183,308,r-markdown,1054,0.314,0.2867,0.3427,0.556,0.3643,0.5648,0.4776,0.1118,0.0199,0.0171,0,0.66,28.0,0.9622,0.1319,0.2302,0.3268,0.3264
184,284,firebase-realtime-database,2230,0.3054,0.2866,0.3248,0.5906,0.2821,0.5171,0.4363,0.0969,0.0839,0.0709,0,0.7,31.4,0.9498,0.0291,0.3231,0.3048,0.3215
185,285,python-requests,2059,0.305,0.2855,0.3252,0.5828,0.2749,0.5233,0.4145,0.1178,0.0253,0.018,0,0.74,50.4,0.9544,0.0301,0.1613,0.3095,0.3196
186,313,fetch-api,916,0.3144,0.2852,0.3452,0.6463,0.3166,0.4865,0.3573,0.1285,0.1124,0.1059,0,0.88,74.7,0.973,0.0076,0.0,0.3168,0.3231
187,235,excel,14745,0.2924,0.2851,0.2998,0.6243,0.3119,0.4683,0.3594,0.0858,0.04,0.0303,0,0.81,22.9,0.9649,0.7609,0.3032,0.2578,0.303
188,286,input,1800,0.3044,0.2836,0.3261,0.66,0.2989,0.4613,0.3073,0.0657,0.0867,0.0672,0,0.99,84.9,0.9734,0.0522,0.0851,0.3165,0.3128
189,306,asp.net-core-webapi,985,0.3107,0.2825,0.3402,0.6203,0.3076,0.5008,0.4053,0.1634,0.0173,0.0122,0,0.77,49.8,0.9474,0.0751,0.2162,0.3183,0.3279
190,209,reactjs,67241,0.2849,0.2815,0.2884,0.6073,0.2812,0.4692,0.3453,0.1101,0.033,0.0271,0,0.83,29.7,0.9492,0.4922,0.2648,0.3044,0.3002
191,266,redux,2670,0.2985,0.2814,0.3161,0.6139,0.303,0.4863,0.3993,0.1117,0.0165,0.0124,0,0.75,42.8,0.9602,0.0831,0.3559,0.2933,0.3109
192,296,scipy,1292,0.305,0.2805,0.3306,0.5588,0.298,0.5457,0.4603,0.1066,0.0077,0.0062,0,0.66,35.3,0.9517,0.0488,0.2222,0.3092,0.3204
193,280,pygame,1731,0.3016,0.2804,0.3236,0.6245,0.2964,0.4829,0.4091,0.0747,0.2779,0.3795,0,0.74,30.5,0.9613,0.0497,0.1977,0.307,0.3137
194,253,django-rest-framework,3451,0.2947,0.2797,0.3101,0.6303,0.2677,0.4676,0.3819,0.1485,0.0075,0.0052,0,0.77,35.8,0.9417,0.0623,0.2047,0.3007,0.313
195,250,axios,3516,0.2941,0.2793,0.3094,0.6021,0.2537,0.4884,0.3749,0.177,0.0356,0.0321,0,0.78,60.3,0.9357,0.0384,0.1926,0.2981,0.3143
196,211,flutter,31576,0.284,0.2791,0.289,0.643,0.2736,0.4417,0.3153,0.1279,0.0157,0.0116,0,0.9,22.0,0.941,0.7449,0.3005,0.2359,0.3018
197,255,performance,3148,0.2945,0.2788,0.3106,0.6045,0.3802,0.4871,0.3473,0.0885,0.0359,0.0206,0,0.85,56.6,0.9557,0.1957,0.1997,0.3175,0.3081
198,243,multithreading,4043,0.2926,0.2788,0.3068,0.5813,0.3567,0.5034,0.3926,0.1014,0.0492,0.0349,0,0.75,42.4,0.9556,0.1427,0.3102,0.2897,0.3062
199,273,xamarin.forms,1866,0.299,0.2787,0.3202,0.6008,0.2326,0.4978,0.402,0.2204,0.0273,0.0214,1,0.74,22.8,0.9362,0.1902,0.2592,0.3084,0.3194
200,227,selenium,8145,0.2873,0.2776,0.2972,0.6366,0.2433,0.4513,0.3424,0.1034,0.0309,0.0248,0,0.84,27.3,0.9559,0.1443,0.1804,0.3053,0.3006
201,215,django,19679,0.2834,0.2772,0.2898,0.5964,0.2503,0.4752,0.3864,0.1452,0.0171,0.0141,0,0.73,25.5,0.9437,0.3846,0.2652,0.2949,0.3004
202,302,serialization,942,0.3057,0.2771,0.3359,0.5998,0.2866,0.5097,0.4103,0.1979,0.0435,0.0403,0,0.75,59.4,0.9664,0.0563,0.2264,0.3105,0.3163
203,291,dependency-injection,1175,0.3021,0.2766,0.329,0.6051,0.3311,0.4993,0.4057,0.1296,0.0264,0.0238,0,0.74,56.2,0.9342,0.0715,0.25,0.3061,0.3234
204,289,groovy,1211,0.3014,0.2762,0.3278,0.6218,0.2675,0.4847,0.4069,0.1726,0.0198,0.0165,0,0.74,31.5,0.9432,0.2634,0.2947,0.3038,0.3196
205,216,laravel,13628,0.2825,0.275,0.2901,0.6501,0.267,0.4346,0.322,0.1506,0.0286,0.0177,0,0.88,34.4,0.9446,0.4182,0.2627,0.2968,0.2991
206,269,bootstrap-4,1653,0.2958,0.2743,0.3183,0.6503,0.2583,0.4549,0.3333,0.0859,0.0284,0.0242,0,0.89,65.5,0.976,0.075,0.2581,0.2989,0.3031
207,240,material-ui,3971,0.2878,0.274,0.3021,0.58,0.2576,0.4963,0.3962,0.1216,0.0098,0.0073,0,0.73,43.6,0.9293,0.067,0.1654,0.2966,0.3097
208,277,mariadb,1338,0.2975,0.2736,0.3225,0.5964,0.281,0.4987,0.3845,0.1809,0.0463,0.0389,0,0.77,42.5,0.959,0.1196,0.2,0.3107,0.3102
209,210,mongodb,11977,0.2809,0.2729,0.289,0.5679,0.2387,0.4946,0.4086,0.1254,0.0178,0.0144,0,0.69,30.3,0.9541,0.3735,0.3073,0.2651,0.2944
210,279,swing,1268,0.2973,0.2728,0.3231,0.6025,0.3517,0.4935,0.4067,0.1247,0.086,0.0623,0,0.73,28.3,0.9496,0.0071,0.2222,0.2979,0.3131
211,288,jmeter,1121,0.2988,0.2728,0.3263,0.9536,0.2239,0.3134,0.2785,0.0478,0.0107,0.008,0,1.07,9.6,0.9306,0.5192,0.3024,0.295,0.3211
212,282,dax,1185,0.2979,0.2725,0.3245,0.6101,0.27,0.4882,0.3966,0.0963,0.0,8.0E-4,0,0.75,17.0,0.9619,0.0861,0.2059,0.3066,0.3097
213,298,stored-procedures,923,0.3012,0.2725,0.3316,0.636,0.3218,0.4736,0.3829,0.1475,0.0423,0.0325,0,0.79,43.1,0.972,0.0943,0.2874,0.3026,0.3099
214,200,angular,19551,0.2787,0.2724,0.285,0.6132,0.2607,0.4544,0.3489,0.1489,0.019,0.0121,0,0.8,30.7,0.9453,0.6675,0.2711,0.2938,0.2948
215,259,react-redux,2033,0.2917,0.2723,0.3118,0.605,0.2804,0.4821,0.3836,0.1282,0.0212,0.0167,0,0.76,49.5,0.9627,0.032,0.1385,0.2967,0.303
216,262,assembly,1887,0.292,0.2719,0.3129,0.5421,0.4616,0.5386,0.4454,0.0835,0.1849,0.1744,0,0.66,21.1,0.9633,0.6539,0.2885,0.2986,0.3031
217,272,winapi,1361,0.2954,0.2717,0.3202,0.5658,0.3402,0.5221,0.4389,0.1766,0.0558,0.0426,0,0.67,29.8,0.9571,0.1425,0.2732,0.2991,0.3086
218,249,winforms,2224,0.29,0.2715,0.3092,0.5832,0.2675,0.4973,0.3881,0.2031,0.0477,0.0378,0,0.75,41.5,0.9389,0.0576,0.1875,0.2963,0.3089
219,268,fastapi,1468,0.2943,0.2715,0.3181,0.6035,0.295,0.4876,0.4118,0.1667,0.0252,0.0191,0,0.71,36.5,0.929,0.045,0.197,0.2989,0.3168
220,297,azure-databricks,916,0.3002,0.2714,0.3307,0.7882,0.2904,0.3809,0.3293,0.1527,0.0044,0.0022,0,0.91,26.4,0.8958,0.0895,0.2195,0.3082,0.3352
221,234,mongoose,4052,0.285,0.2714,0.2991,0.5753,0.2308,0.4955,0.4055,0.1359,0.0178,0.016,0,0.7,35.6,0.9452,0.0402,0.135,0.2913,0.3016
222,278,gitlab-ci,1181,0.2964,0.271,0.323,0.6613,0.2972,0.4481,0.3804,0.2143,0.0051,0.0042,0,0.78,38.4,0.9235,0.1143,0.2741,0.2992,0.3209
223,270,databricks,1418,0.2941,0.2709,0.3183,0.6559,0.2856,0.4484,0.3854,0.1751,0.0042,0.0035,0,0.76,29.1,0.935,0.1269,0.3556,0.2851,0.3145
224,254,xamarin,2033,0.2902,0.2709,0.3103,0.5799,0.2179,0.5004,0.4126,0.2559,0.0207,0.0167,1,0.7,24.8,0.9516,0.2725,0.2816,0.2934,0.305
225,247,entity-framework,2061,0.2882,0.2691,0.3081,0.589,0.2761,0.4893,0.39,0.1431,0.0277,0.0233,0,0.74,43.1,0.9459,0.1601,0.2758,0.2906,0.3047
226,252,optimization,1886,0.289,0.269,0.3098,0.5854,0.3431,0.4937,0.3628,0.044,0.0286,0.018,0,0.8,49.1,0.9528,0.1246,0.2128,0.2998,0.3033
227,276,environment-variables,1109,0.2949,0.2688,0.3224,0.6114,0.3039,0.4823,0.3902,0.208,0.046,0.0352,0,0.76,65.8,0.9316,0.0694,0.2338,0.2994,0.3165
228,242,solidity,2265,0.287,0.2687,0.306,0.6821,0.249,0.4207,0.3601,0.1077,0.0106,0.0062,0,0.8,26.3,0.9559,0.2777,0.3005,0.2818,0.3002
229,236,forms,3193,0.2841,0.2687,0.3,0.6032,0.2393,0.4709,0.3595,0.1147,0.041,0.0332,0,0.79,64.3,0.9598,0.1059,0.1805,0.2963,0.296
230,257,azure-pipelines,1721,0.2894,0.2684,0.3112,0.7048,0.2812,0.4106,0.3502,0.2169,0.0058,0.0052,1,0.83,30.6,0.9291,0.0837,0.2292,0.2949,0.3114
231,264,ms-access,1473,0.2906,0.2679,0.3143,0.6823,0.3293,0.4259,0.3429,0.1425,0.0597,0.0468,0,0.85,29.6,0.9554,0.2111,0.2219,0.309,0.3041
232,191,firebase,12424,0.2736,0.2658,0.2815,0.5724,0.2827,0.478,0.3979,0.1509,0.0608,0.0508,0,0.69,30.9,0.9413,0.2994,0.2559,0.2811,0.2906
233,195,.net,10005,0.2743,0.2656,0.2831,0.5614,0.2871,0.4885,0.3849,0.1917,0.039,0.0293,0,0.71,38.1,0.9413,0.2739,0.2142,0.2969,0.2914
234,258,gcc,1487,0.2878,0.2654,0.3114,0.5192,0.3295,0.5544,0.4477,0.1869,0.0888,0.078,0,0.64,35.0,0.9532,0.2044,0.1908,0.3128,0.302
235,248,azure-active-directory,1580,0.2854,0.2637,0.3082,0.793,0.2715,0.3599,0.3233,0.1574,0.0044,0.0013,1,0.88,26.0,0.928,0.2044,0.2786,0.2872,0.3076
236,265,fetch,1178,0.2886,0.2635,0.3152,0.6061,0.2606,0.4762,0.3598,0.1088,0.073,0.0705,0,0.8,68.3,0.9341,0.0204,0.2083,0.2903,0.309
237,246,exception,1504,0.2846,0.2623,0.3079,0.6004,0.3238,0.474,0.3546,0.1425,0.0572,0.0445,0,0.8,68.2,0.949,0.0818,0.2358,0.2889,0.2999
238,238,validation,1978,0.2806,0.2612,0.3008,0.5981,0.2674,0.4691,0.3506,0.1315,0.0329,0.0253,0,0.8,67.4,0.9423,0.1239,0.2041,0.2914,0.2978
239,154,java,58038,0.263,0.2595,0.2666,0.5834,0.2868,0.4508,0.34,0.1448,0.0679,0.0485,0,0.77,27.3,0.9425,0.9849,0.264,0.1989,0.2791
240,194,apache-spark,5451,0.271,0.2593,0.2829,0.5553,0.2748,0.4879,0.3988,0.1476,0.0132,0.0108,0,0.68,22.4,0.939,0.4168,0.2284,0.3014,0.2886
241,165,php,30180,0.2642,0.2592,0.2692,0.5878,0.251,0.4494,0.3473,0.1452,0.0882,0.0712,0,0.76,32.5,0.9502,0.9026,0.2652,0.2547,0.278
242,226,scikit-learn,2136,0.2772,0.2586,0.2965,0.5693,0.2903,0.4868,0.4178,0.0929,0.0309,0.015,0,0.66,36.7,0.9487,0.0885,0.1746,0.2871,0.2921
243,256,data-science,1145,0.2838,0.2585,0.3106,0.6114,0.3048,0.4643,0.3498,0.0462,0.0629,0.0402,0,0.81,57.7,0.9615,0.0437,0.12,0.2913,0.2952
244,245,memory,1281,0.2818,0.2579,0.3071,0.5582,0.3568,0.5049,0.3776,0.1025,0.0757,0.0585,0,0.75,54.6,0.9377,0.1311,0.2202,0.2911,0.3005
245,175,azure,10865,0.2658,0.2576,0.2742,0.7192,0.241,0.3696,0.3258,0.1873,0.0074,0.0052,1,0.82,23.8,0.9171,0.6935,0.2737,0.248,0.2898
246,214,file,2970,0.2731,0.2573,0.2894,0.6077,0.2838,0.4493,0.3226,0.1036,0.0663,0.0481,0,0.85,66.1,0.9541,0.1199,0.1545,0.2892,0.2862
247,260,d3.js,1000,0.284,0.2569,0.3127,0.475,0.259,0.5979,0.541,0.1585,0.031,0.027,0,0.53,28.6,0.9827,0.18,0.2444,0.2927,0.289
248,239,ethereum,1569,0.2785,0.2569,0.3012,0.6322,0.2753,0.4405,0.382,0.1625,0.007,0.0038,0,0.73,28.8,0.9438,0.348,0.3223,0.2551,0.2951
249,205,azure-devops,3399,0.2716,0.2569,0.2868,0.6764,0.253,0.4015,0.3466,0.1863,0.0109,0.0088,1,0.78,26.7,0.9193,0.4437,0.2732,0.2702,0.2954
250,224,azure-functions,1942,0.2755,0.2561,0.2958,0.776,0.2492,0.355,0.3107,0.2262,0.0062,0.0051,1,0.89,32.0,0.9177,0.1596,0.2484,0.2806,0.3002
251,232,pine-script,1681,0.2766,0.2558,0.2985,0.6573,0.1689,0.4208,0.3815,0.0366,0.0012,0.0,0,0.73,9.1,0.9748,0.8929,0.2865,0.1944,0.2838
252,219,gitlab,2216,0.2739,0.2558,0.2929,0.6489,0.2838,0.4221,0.3617,0.2026,0.0167,0.0122,0,0.76,35.2,0.9169,0.389,0.2807,0.2696,0.2987
253,178,database,7372,0.2656,0.2556,0.2758,0.5933,0.263,0.4476,0.3556,0.0955,0.0384,0.0269,0,0.75,47.5,0.95,0.2911,0.2074,0.2895,0.2796
254,184,ruby-on-rails,5254,0.2661,0.2543,0.2782,0.5845,0.2712,0.4552,0.3722,0.1931,0.0124,0.008,0,0.71,30.1,0.9203,0.8552,0.2698,0.2444,0.2891
255,201,selenium-webdriver,3175,0.2693,0.2541,0.285,0.6088,0.2309,0.4423,0.3386,0.1123,0.0309,0.0249,0,0.8,32.0,0.9521,0.0674,0.1075,0.281,0.2828
256,241,stripe-payments,1150,0.2783,0.2531,0.3049,0.6791,0.2843,0.4097,0.3556,0.1719,0.0078,0.007,0,0.78,30.3,0.9496,0.2357,0.3321,0.2617,0.293
257,222,animation,1711,0.2735,0.2529,0.2951,0.5453,0.2577,0.5016,0.4105,0.1197,0.0251,0.0216,0,0.67,50.3,0.961,0.1204,0.2961,0.2704,0.2846
258,251,datatable,967,0.2802,0.2529,0.3094,0.545,0.2399,0.5142,0.4106,0.0959,0.0217,0.0196,0,0.68,53.7,0.9679,0.0465,0.1111,0.2885,0.2896
259,196,asp.net-mvc,3276,0.2677,0.2528,0.2831,0.5733,0.2125,0.467,0.373,0.1608,0.0238,0.0211,0,0.72,40.1,0.9491,0.2137,0.1986,0.2865,0.2821
260,207,vb.net,2514,0.2693,0.2523,0.287,0.576,0.2411,0.4675,0.3714,0.195,0.0215,0.0171,0,0.73,27.8,0.9522,0.5919,0.2554,0.2895,0.2828
261,218,pyqt5,1827,0.2715,0.2516,0.2923,0.439,0.1976,0.6185,0.5592,0.1694,0.1106,0.1034,0,0.49,21.5,0.952,0.0969,0.2147,0.2776,0.2852
262,229,angular-material,1432,0.2737,0.2513,0.2974,0.5726,0.2444,0.478,0.3802,0.1403,0.0098,0.0063,0,0.72,43.4,0.9538,0.0566,0.0864,0.285,0.287
263,220,graph,1671,0.2711,0.2503,0.2929,0.544,0.2663,0.4983,0.4206,0.0684,0.0221,0.0186,0,0.64,40.5,0.9477,0.1783,0.2282,0.2804,0.2861
264,203,laravel-8,2356,0.2674,0.2499,0.2856,0.5913,0.2292,0.4523,0.3404,0.1444,0.0199,0.0123,0,0.79,50.7,0.9403,0.1104,0.1577,0.281,0.2844
265,244,python-asyncio,937,0.2775,0.2498,0.307,0.5229,0.2775,0.5306,0.4514,0.1731,0.0203,0.0171,0,0.61,39.2,0.963,0.0352,0.3636,0.2743,0.2882
266,233,search,1215,0.2733,0.2489,0.299,0.5728,0.2716,0.477,0.3487,0.1024,0.0255,0.0165,0,0.78,66.7,0.954,0.1432,0.1379,0.2959,0.2864
267,228,canvas,1289,0.2723,0.2487,0.2973,0.5213,0.2444,0.5223,0.4529,0.1168,0.0659,0.0582,0,0.6,37.9,0.959,0.0721,0.1505,0.2818,0.2839
268,237,azure-data-factory,1136,0.2738,0.2486,0.3004,0.8327,0.2588,0.3288,0.2907,0.0965,0.0018,0.0018,1,0.94,22.0,0.9147,0.3257,0.3162,0.2533,0.2993
269,212,frontend,1841,0.2683,0.2486,0.289,0.6089,0.2765,0.4407,0.3291,0.0688,0.0516,0.0353,0,0.82,69.1,0.9537,0.0244,0.2,0.27,0.2814
270,159,unity3d,7090,0.2578,0.2478,0.2681,0.6134,0.241,0.4203,0.3315,0.14,0.034,0.021,0,0.78,31.1,0.9491,0.3272,0.1983,0.2868,0.2717
271,217,kivy,1453,0.2677,0.2456,0.2911,0.5203,0.15,0.5146,0.4698,0.1131,0.0034,0.0041,0,0.57,17.8,0.9581,0.0585,0.1412,0.2756,0.2794
272,148,linux,9712,0.2541,0.2456,0.2629,0.5517,0.285,0.4606,0.3474,0.1552,0.071,0.0427,0,0.73,38.1,0.9388,0.6327,0.2614,0.2417,0.2707
273,151,express,7742,0.2548,0.2453,0.2647,0.5615,0.2121,0.4539,0.3657,0.1678,0.0278,0.0226,0,0.7,41.6,0.9436,0.0583,0.1996,0.2583,0.2701
274,231,events,1053,0.2707,0.2447,0.2983,0.5518,0.2555,0.4905,0.3883,0.1263,0.0437,0.0389,0,0.7,63.0,0.9406,0.1481,0.1538,0.291,0.2877
275,192,user-interface,2093,0.2623,0.2439,0.2816,0.56,0.2499,0.4684,0.3778,0.1239,0.0502,0.0382,0,0.69,54.0,0.9466,0.0913,0.1518,0.2734,0.2771
276,190,github-actions,2228,0.2617,0.2438,0.2803,0.5386,0.2478,0.4858,0.4277,0.3019,0.013,0.0108,0,0.61,36.8,0.9124,0.1692,0.2175,0.2707,0.2868
277,193,firebase-authentication,2047,0.2623,0.2437,0.2818,0.5491,0.2633,0.4778,0.399,0.1732,0.0601,0.0532,0,0.66,38.4,0.9148,0.0293,0.1833,0.2647,0.2868
278,166,pytorch,3993,0.2554,0.2422,0.2692,0.5359,0.2434,0.4766,0.4179,0.1333,0.0113,0.0085,0,0.61,26.6,0.9444,0.2169,0.2402,0.2597,0.2705
279,162,.net-core,3994,0.2551,0.2419,0.2689,0.5621,0.2702,0.4539,0.3659,0.21,0.0255,0.0205,0,0.7,43.6,0.9272,0.1683,0.2024,0.2658,0.2752
280,199,dockerfile,1618,0.2627,0.2418,0.2847,0.5754,0.2824,0.4565,0.3728,0.2,0.0464,0.0383,0,0.7,48.1,0.9382,0.0402,0.1231,0.2685,0.28
281,204,android-recyclerview,1503,0.2628,0.2412,0.2856,0.5602,0.2076,0.4691,0.3555,0.1772,0.0346,0.0293,0,0.74,46.7,0.945,0.0253,0.0526,0.2683,0.2781
282,225,mockito,994,0.2676,0.241,0.296,0.5956,0.2606,0.4493,0.3649,0.1391,0.0161,0.0141,0,0.73,46.3,0.9638,0.0443,0.1818,0.2716,0.2777
283,230,design-patterns,913,0.2683,0.2406,0.298,0.6166,0.3614,0.4352,0.3262,0.0408,0.046,0.0208,0,0.82,61.9,0.9423,0.1512,0.2246,0.2761,0.2848
284,155,unit-testing,4183,0.2534,0.2405,0.2668,0.5295,0.2453,0.4786,0.4105,0.2019,0.0179,0.0143,0,0.62,44.1,0.9217,0.1451,0.2438,0.255,0.2749
285,208,routes,1354,0.2629,0.2402,0.287,0.616,0.2371,0.4269,0.3387,0.1854,0.0236,0.0199,0,0.78,68.3,0.9418,0.0879,0.1765,0.2713,0.2792
286,170,qt,2746,0.256,0.24,0.2727,0.5091,0.221,0.5029,0.4337,0.229,0.0335,0.0288,0,0.59,28.2,0.9373,0.3099,0.2432,0.2617,0.2731
287,221,parallel-processing,984,0.2663,0.2396,0.2947,0.5945,0.3862,0.4479,0.3536,0.1107,0.0325,0.0234,0,0.75,49.9,0.9357,0.1026,0.2574,0.2673,0.2846
288,223,kubernetes-helm,913,0.2662,0.2385,0.2958,0.5849,0.3275,0.4551,0.3938,0.1893,0.012,0.0088,0,0.68,33.6,0.9455,0.2256,0.2573,0.2687,0.2815
289,145,asp.net,5482,0.249,0.2377,0.2606,0.5773,0.2277,0.4313,0.3514,0.1744,0.0288,0.021,0,0.71,38.8,0.9242,0.3415,0.2179,0.2651,0.2694
290,152,elasticsearch,3754,0.2507,0.2371,0.2648,0.529,0.2283,0.4738,0.4197,0.1647,0.0032,0.0024,0,0.6,21.6,0.9308,0.6156,0.2601,0.2356,0.2693
291,198,outlook,1320,0.2598,0.2369,0.2842,0.778,0.2621,0.334,0.2513,0.1079,0.0242,0.0098,0,1.03,19.9,0.9635,0.2303,0.2303,0.2687,0.2697
292,181,nuxt.js,1805,0.256,0.2364,0.2766,0.503,0.2626,0.5088,0.4278,0.2597,0.015,0.0116,0,0.6,32.1,0.9259,0.1756,0.183,0.2715,0.2765
293,206,asp.net-web-api,1154,0.2608,0.2363,0.2869,0.6066,0.2418,0.43,0.352,0.2359,0.0191,0.013,0,0.74,53.6,0.9319,0.0789,0.1209,0.2728,0.2799
294,115,node.js,36054,0.2404,0.236,0.2448,0.5398,0.2193,0.4453,0.3581,0.1761,0.0329,0.0271,0,0.67,34.3,0.9294,0.5903,0.2138,0.2787,0.2586
295,213,path,1021,0.2615,0.2355,0.2893,0.5867,0.2693,0.4457,0.3623,0.1161,0.049,0.0402,0,0.72,64.0,0.9604,0.0558,0.0877,0.2718,0.2723
296,176,sass,1866,0.2546,0.2353,0.2748,0.5734,0.2594,0.4439,0.3467,0.1495,0.0423,0.0386,0,0.73,56.8,0.9295,0.1125,0.2095,0.2603,0.2738
297,174,image-processing,1973,0.2539,0.2352,0.2736,0.5094,0.3077,0.4985,0.404,0.0818,0.0264,0.0106,0,0.63,30.6,0.9489,0.11,0.1659,0.2648,0.2676
298,179,airflow,1648,0.2549,0.2344,0.2764,0.5704,0.247,0.4468,0.39,0.2024,0.0024,0.0012,0,0.65,26.3,0.9111,0.3501,0.2409,0.2624,0.2797
299,187,url,1366,0.2562,0.2338,0.28,0.5791,0.2496,0.4425,0.3486,0.1486,0.0461,0.0351,0,0.73,64.1,0.9309,0.1354,0.173,0.2693,0.2753
300,180,time-series,1523,0.2541,0.2329,0.2766,0.4931,0.2594,0.5153,0.4161,0.0672,0.0177,0.0131,0,0.61,40.1,0.9462,0.0965,0.1156,0.2689,0.2685
301,161,cmake,2133,0.2499,0.232,0.2687,0.4801,0.2485,0.5205,0.4575,0.2552,0.0703,0.0656,0,0.55,29.7,0.9318,0.2504,0.2809,0.2395,0.2682
302,183,pytest,1361,0.2542,0.2318,0.278,0.5474,0.2594,0.4644,0.3918,0.1965,0.0279,0.0228,0,0.65,42.0,0.9251,0.0786,0.1776,0.2608,0.2748
303,202,multiprocessing,1033,0.2575,0.2318,0.285,0.5479,0.2962,0.47,0.3833,0.0977,0.03,0.0194,0,0.67,36.5,0.9568,0.0232,0.0417,0.2626,0.2691
304,129,kubernetes,7038,0.2408,0.231,0.251,0.5936,0.3387,0.4057,0.3343,0.2248,0.0134,0.0054,0,0.72,28.1,0.9128,0.6081,0.254,0.2204,0.2639
305,126,next.js,8058,0.24,0.2308,0.2495,0.5455,0.2517,0.4399,0.3588,0.2156,0.0505,0.0496,0,0.67,40.9,0.9118,0.1519,0.1944,0.2482,0.2632
306,197,android-layout,1028,0.2558,0.2301,0.2834,0.5817,0.2364,0.4398,0.3317,0.1597,0.0282,0.0185,0,0.77,50.1,0.946,0.0282,0.2414,0.2563,0.2704
307,141,docker-compose,3622,0.2435,0.2298,0.2578,0.5331,0.2327,0.4568,0.3792,0.2732,0.0398,0.0362,0,0.64,41.5,0.9168,0.0721,0.2184,0.2455,0.2656
308,188,amazon-dynamodb,1134,0.254,0.2295,0.2801,0.6076,0.3166,0.418,0.3556,0.1042,0.0115,0.0097,0,0.71,31.0,0.926,0.1561,0.2486,0.255,0.2743
309,107,amazon-web-services,14755,0.2361,0.2293,0.243,0.5366,0.2575,0.4401,0.3857,0.2084,0.0117,0.0066,0,0.61,25.3,0.9135,0.6847,0.2415,0.2244,0.2585
310,182,spring-security,1208,0.2525,0.2288,0.2777,0.5944,0.2558,0.4248,0.3622,0.2525,0.0331,0.0232,0,0.7,39.7,0.9132,0.1167,0.2411,0.254,0.2765
311,163,error-handling,1683,0.2478,0.2277,0.269,0.5502,0.2597,0.4503,0.3501,0.1223,0.0463,0.041,0,0.71,63.0,0.9499,0.0885,0.1678,0.2555,0.2608
312,172,three.js,1385,0.2498,0.2277,0.2733,0.4751,0.2498,0.5258,0.4727,0.1763,0.0159,0.013,0,0.53,25.2,0.9351,0.3148,0.2408,0.254,0.2671
313,128,visual-studio,5323,0.2388,0.2275,0.2504,0.5223,0.2222,0.4572,0.3721,0.2801,0.0381,0.0293,0,0.64,42.1,0.9359,0.3006,0.1744,0.2665,0.2551
314,189,google-api,1036,0.2529,0.2274,0.2802,0.5589,0.2819,0.4525,0.3899,0.1565,0.0328,0.0193,0,0.65,28.9,0.9161,0.2114,0.2192,0.2619,0.2761
315,177,charts,1266,0.2504,0.2273,0.275,0.481,0.2093,0.5205,0.4628,0.1483,0.0197,0.0142,0,0.54,36.7,0.952,0.1524,0.2176,0.2563,0.263
316,108,spring,10022,0.2348,0.2266,0.2432,0.5494,0.2282,0.4274,0.3405,0.1938,0.0243,0.0197,0,0.69,34.0,0.9461,0.3216,0.2073,0.2478,0.2482
317,133,image,3922,0.2397,0.2266,0.2533,0.5487,0.2361,0.4368,0.3416,0.1266,0.0395,0.0329,0,0.7,56.1,0.9381,0.1917,0.1835,0.253,0.2555
318,169,script,1426,0.2482,0.2265,0.2713,0.5968,0.2602,0.416,0.3076,0.0537,0.0596,0.0435,0,0.81,55.6,0.9699,0.021,0.1,0.2514,0.256
319,134,ajax,3563,0.2394,0.2257,0.2537,0.5257,0.2063,0.4554,0.3669,0.1477,0.0567,0.0474,0,0.65,48.1,0.9541,0.1156,0.1723,0.2482,0.2509
320,186,model-view-controller,985,0.2518,0.2257,0.2798,0.5208,0.2041,0.4834,0.3899,0.1774,0.0345,0.0234,0,0.65,54.2,0.9538,0.0772,0.1184,0.2629,0.264
321,132,keras,3992,0.2385,0.2255,0.2519,0.4917,0.2255,0.485,0.4258,0.1492,0.022,0.0143,0,0.56,24.7,0.9352,0.0686,0.1168,0.2474,0.255
322,185,compiler-errors,926,0.2505,0.2237,0.2794,0.5929,0.2883,0.4226,0.3338,0.1509,0.1069,0.0799,0,0.75,61.8,0.9431,0.0864,0.1125,0.2636,0.2657
323,127,macos,3967,0.2362,0.2232,0.2497,0.5626,0.2375,0.4198,0.3586,0.2775,0.0429,0.025,0,0.66,49.1,0.8967,0.3292,0.2274,0.2405,0.2634
324,147,symfony,1775,0.2417,0.2223,0.2622,0.5448,0.218,0.4436,0.3848,0.2634,0.0349,0.027,0,0.63,36.8,0.9286,0.3346,0.2222,0.2515,0.2603
325,119,github,4907,0.234,0.2223,0.246,0.5537,0.2729,0.4225,0.356,0.1821,0.0567,0.0487,0,0.66,37.4,0.9169,0.419,0.2111,0.2504,0.2551
326,142,sqlalchemy,2085,0.2398,0.222,0.2586,0.4825,0.2379,0.497,0.4413,0.254,0.0427,0.0374,0,0.54,32.0,0.9434,0.0772,0.1739,0.2453,0.2542
327,146,jwt,1799,0.2407,0.2215,0.261,0.5464,0.2357,0.4405,0.3645,0.1986,0.02,0.0161,0,0.66,49.6,0.9454,0.0734,0.2121,0.243,0.2546
328,171,vite,1064,0.2462,0.2213,0.273,0.5404,0.265,0.4557,0.3803,0.2901,0.0141,0.0056,0,0.65,49.4,0.8912,0.0555,0.0678,0.2567,0.2763
329,164,module,1240,0.2444,0.2213,0.269,0.5387,0.2379,0.4536,0.3655,0.1749,0.0476,0.0411,0,0.67,58.4,0.941,0.0823,0.3039,0.239,0.2597
330,98,spring-boot,15029,0.2272,0.2205,0.2339,0.5465,0.2212,0.4156,0.3369,0.2173,0.024,0.0182,0,0.67,32.0,0.9295,0.2602,0.199,0.2371,0.2444
331,157,microsoft-graph-api,1242,0.2432,0.2201,0.2678,0.6707,0.2126,0.3625,0.3244,0.1788,0.0048,0.0048,1,0.75,23.5,0.9152,0.3357,0.1775,0.2764,0.2657
332,173,mocking,1001,0.2458,0.2201,0.2734,0.5315,0.2228,0.4624,0.4033,0.2033,0.021,0.021,0,0.61,46.6,0.9111,0.042,0.1429,0.2503,0.2697
333,110,xcode,4456,0.2314,0.2192,0.244,0.5043,0.2112,0.4588,0.3752,0.2231,0.0298,0.0222,0,0.62,36.5,0.9116,0.1997,0.173,0.2459,0.2538
334,97,ios,13946,0.226,0.2191,0.233,0.4976,0.2132,0.4542,0.3693,0.2021,0.0238,0.0179,0,0.61,28.5,0.912,0.8455,0.2393,0.1536,0.2478
335,96,docker,13933,0.2259,0.2191,0.233,0.5125,0.2271,0.4408,0.3711,0.2687,0.0391,0.0317,0,0.61,34.8,0.9143,0.5183,0.2264,0.2254,0.2471
336,144,curl,1628,0.2389,0.2189,0.2603,0.5117,0.2064,0.467,0.3917,0.2108,0.0418,0.0332,0,0.61,48.5,0.9068,0.1585,0.2093,0.2445,0.2635
337,149,blockchain,1412,0.2401,0.2185,0.2631,0.5907,0.2415,0.4065,0.3459,0.1091,0.0099,0.005,0,0.69,34.1,0.9313,0.5198,0.2725,0.205,0.2578
338,167,ms-word,1039,0.2435,0.2184,0.2705,0.5919,0.2262,0.4114,0.3378,0.1581,0.0212,0.0067,0,0.72,30.2,0.9336,0.1453,0.1258,0.2635,0.2608
339,158,leaflet,1119,0.2422,0.218,0.2681,0.4441,0.1787,0.5453,0.4796,0.2103,0.0366,0.0349,0,0.5,31.4,0.9542,0.1564,0.1543,0.2585,0.2538
340,137,spring-data-jpa,2022,0.2359,0.2179,0.2549,0.5603,0.227,0.421,0.3357,0.1845,0.0183,0.0158,0,0.7,44.1,0.9427,0.045,0.2088,0.2372,0.2502
341,124,powerbi,2780,0.2331,0.2178,0.2492,0.5317,0.2209,0.4384,0.3701,0.1034,0.0014,4.0E-4,0,0.63,17.4,0.9391,0.6878,0.2432,0.2108,0.2482
342,153,sequelize.js,1196,0.2408,0.2174,0.2658,0.5242,0.1672,0.4593,0.4079,0.1736,0.0075,0.0067,0,0.59,31.4,0.9351,0.1012,0.1901,0.2465,0.2575
343,122,http,2821,0.2318,0.2166,0.2478,0.5119,0.2159,0.4529,0.3813,0.1927,0.0248,0.0195,0,0.61,49.9,0.937,0.2251,0.2252,0.2338,0.2474
344,138,import,1796,0.235,0.2159,0.2551,0.549,0.2144,0.428,0.3352,0.1114,0.0301,0.0267,0,0.7,60.6,0.9483,0.0702,0.1032,0.2449,0.2478
345,111,aws-lambda,3405,0.2297,0.2158,0.2441,0.5498,0.2555,0.4177,0.3625,0.2187,0.0103,0.0065,0,0.63,33.8,0.9189,0.1113,0.1636,0.2379,0.2499
346,168,azure-web-app-service,933,0.2422,0.2158,0.2707,0.6731,0.2047,0.3599,0.3113,0.3142,0.0032,0.0032,1,0.78,39.7,0.8968,0.089,0.253,0.2412,0.2701
347,143,visual-studio-2022,1372,0.2369,0.2151,0.2601,0.5095,0.2281,0.4649,0.3878,0.3169,0.0182,0.0153,1,0.61,47.7,0.8553,0.094,0.1628,0.2446,0.277
348,150,statistics,1200,0.2383,0.2151,0.2633,0.4833,0.265,0.4931,0.3945,0.0699,0.0308,0.0167,0,0.6,39.4,0.9533,0.1483,0.1011,0.2622,0.25
349,105,rest,4064,0.2269,0.2143,0.24,0.5364,0.2185,0.4229,0.3407,0.1616,0.0209,0.015,0,0.67,52.1,0.9285,0.1897,0.192,0.235,0.2443
350,112,apache-kafka,3020,0.2288,0.2142,0.2441,0.5656,0.256,0.4046,0.3545,0.2098,0.0278,0.0242,0,0.65,21.1,0.9263,0.4288,0.2162,0.2383,0.247
351,131,nlp,1870,0.2321,0.2135,0.2518,0.4979,0.2396,0.4662,0.3858,0.0922,0.0155,0.007,0,0.6,34.8,0.9274,0.2043,0.1545,0.252,0.2503
352,160,containers,914,0.2396,0.2131,0.2683,0.5678,0.2604,0.422,0.3411,0.1507,0.0416,0.0263,0,0.7,52.8,0.9202,0.0525,0.1042,0.2471,0.2604
353,95,windows,6774,0.2219,0.2121,0.2319,0.4999,0.2253,0.4439,0.3659,0.2176,0.0434,0.0294,0,0.61,39.3,0.9227,0.4836,0.2332,0.2113,0.2405
354,156,conda,914,0.2385,0.212,0.2672,0.5394,0.2845,0.4422,0.3714,0.2064,0.0853,0.0711,0,0.64,38.5,0.8934,0.0864,0.2152,0.2407,0.267
355,100,machine-learning,4016,0.2236,0.211,0.2368,0.5204,0.2134,0.4297,0.3765,0.1192,0.0329,0.011,0,0.59,34.4,0.9286,0.2174,0.1901,0.2329,0.2408
356,116,jpa,2282,0.2274,0.2107,0.2451,0.539,0.2108,0.422,0.3359,0.185,0.0171,0.0145,0,0.68,38.8,0.9523,0.0565,0.2248,0.2276,0.2388
357,135,encryption,1436,0.2312,0.2101,0.2537,0.4735,0.243,0.4882,0.414,0.1596,0.0341,0.0195,0,0.56,40.9,0.9405,0.156,0.1384,0.2483,0.2458
358,121,matlab,1941,0.2282,0.2101,0.2474,0.4884,0.2782,0.4673,0.3948,0.0858,0.034,0.0268,0,0.58,24.2,0.9547,0.7053,0.225,0.236,0.2391
359,118,intellij-idea,2055,0.2268,0.2092,0.2454,0.5251,0.2545,0.4319,0.3704,0.2189,0.0384,0.0277,0,0.61,42.7,0.9102,0.2204,0.2406,0.2228,0.2491
360,130,selenium-chromedriver,1526,0.2294,0.209,0.2511,0.5446,0.1933,0.4212,0.3268,0.1629,0.036,0.0321,0,0.7,37.3,0.9695,0.0164,0.04,0.2325,0.2366
361,140,redirect,1166,0.2316,0.2083,0.2566,0.5086,0.2007,0.4553,0.3797,0.2296,0.03,0.0257,0,0.61,44.0,0.9677,0.1346,0.0892,0.2537,0.2393
362,103,hibernate,2851,0.2231,0.2082,0.2387,0.5223,0.1964,0.4271,0.3491,0.2201,0.0151,0.0123,0,0.64,36.1,0.9521,0.1228,0.1743,0.2299,0.2343
363,139,bots,1142,0.2312,0.2076,0.2565,0.6322,0.2049,0.3657,0.3021,0.0947,0.0263,0.0175,0,0.77,55.0,0.9263,0.0683,0.0897,0.2415,0.2496
364,136,postman,1247,0.2302,0.2076,0.2543,0.5573,0.2053,0.4129,0.3487,0.1777,0.0152,0.0128,0,0.66,51.8,0.941,0.1628,0.1576,0.2443,0.2446
365,99,testing,3093,0.2205,0.2062,0.2355,0.5251,0.2292,0.42,0.3499,0.1848,0.0162,0.0113,0,0.63,45.2,0.9021,0.1882,0.1924,0.227,0.2444
366,70,android,39101,0.2092,0.2052,0.2133,0.4875,0.1907,0.4292,0.3412,0.2051,0.0261,0.0212,0,0.61,24.9,0.9155,0.7661,0.2076,0.2147,0.2285
367,104,amazon-ec2,2193,0.2221,0.2052,0.2399,0.5267,0.2426,0.4216,0.3634,0.2136,0.0192,0.01,0,0.61,35.6,0.9206,0.1031,0.1681,0.2283,0.2412
368,83,api,9230,0.2129,0.2047,0.2214,0.5202,0.1835,0.4093,0.3282,0.1399,0.0294,0.0211,0,0.65,50.3,0.9366,0.2224,0.1491,0.2312,0.2273
369,120,post,1512,0.2249,0.2045,0.2466,0.5311,0.1806,0.4234,0.3498,0.2265,0.039,0.0351,0,0.64,57.8,0.9551,0.0516,0.1538,0.2287,0.2354
370,90,flask,4476,0.2163,0.2044,0.2286,0.5335,0.1825,0.4054,0.35,0.1932,0.0748,0.0686,0,0.62,39.3,0.9317,0.0943,0.1801,0.22,0.2321
371,125,spring-mvc,1269,0.2254,0.2032,0.2492,0.5524,0.2025,0.408,0.3217,0.2098,0.0221,0.0197,0,0.7,49.7,0.9502,0.0575,0.137,0.2308,0.2372
372,89,opencv,4009,0.2155,0.2031,0.2285,0.4605,0.2507,0.468,0.391,0.1701,0.0417,0.0272,0,0.55,27.6,0.9361,0.1157,0.1616,0.2226,0.2302
373,113,terminal,1480,0.2223,0.2018,0.2442,0.5304,0.2236,0.4191,0.3347,0.1733,0.0588,0.0419,0,0.66,54.1,0.8916,0.1176,0.0862,0.2404,0.2493
374,79,tensorflow,7262,0.2099,0.2006,0.2194,0.4703,0.2056,0.4463,0.3951,0.1568,0.016,0.0095,0,0.53,22.7,0.9242,0.2521,0.1382,0.234,0.2271
375,123,neural-network,1097,0.2233,0.1997,0.2489,0.4977,0.2151,0.4487,0.3914,0.1347,0.0237,0.0091,0,0.57,36.1,0.9316,0.0966,0.1226,0.2341,0.2397
376,102,ffmpeg,1724,0.2181,0.1992,0.2382,0.4664,0.1903,0.4677,0.4225,0.2287,0.0122,0.007,0,0.52,27.0,0.9307,0.3184,0.235,0.2102,0.2343
377,67,react-native,15255,0.2055,0.1992,0.212,0.5082,0.1971,0.4044,0.3152,0.1815,0.0111,0.0088,0,0.65,32.1,0.9234,0.3468,0.1679,0.2255,0.2225
378,92,nestjs,2758,0.2139,0.199,0.2296,0.512,0.1922,0.4178,0.3593,0.2424,0.0094,0.0087,0,0.6,33.3,0.8926,0.1574,0.2258,0.2117,0.2397
379,114,junit,1265,0.2206,0.1986,0.2442,0.5423,0.2166,0.4067,0.3333,0.1613,0.0253,0.0213,0,0.66,47.0,0.9394,0.0806,0.1471,0.227,0.2348
380,117,request,1122,0.2201,0.1969,0.2453,0.4964,0.1783,0.4434,0.3616,0.1498,0.033,0.025,0,0.61,53.7,0.9286,0.0312,0.2286,0.2199,0.2371
381,109,backend,1195,0.2192,0.1967,0.2436,0.5406,0.2117,0.4056,0.3263,0.126,0.0444,0.0293,0,0.67,60.0,0.9161,0.0184,0.2727,0.2182,0.2393
382,94,logging,2126,0.2131,0.1962,0.231,0.4897,0.2272,0.4352,0.3677,0.181,0.024,0.0183,0,0.58,47.0,0.9189,0.1726,0.1935,0.2172,0.2319
383,82,amazon-s3,3813,0.208,0.1954,0.2211,0.5069,0.2326,0.4102,0.3575,0.232,0.0139,0.0102,0,0.58,33.5,0.9115,0.1372,0.1568,0.2161,0.2282
384,91,pip,1950,0.2103,0.1927,0.2289,0.5426,0.2369,0.3875,0.3101,0.2317,0.0805,0.0749,0,0.68,53.5,0.9011,0.0651,0.189,0.2117,0.2333
385,106,google-maps,1024,0.2139,0.1898,0.24,0.5303,0.1895,0.4033,0.3614,0.2192,0.0381,0.0254,0,0.59,44.4,0.944,0.1025,0.1619,0.2198,0.2266
386,101,flutter-web,1131,0.2122,0.1894,0.237,0.534,0.1919,0.3974,0.2948,0.1958,0.0106,0.008,0,0.72,51.5,0.8989,0.0398,0.1556,0.2145,0.2361
387,71,jestjs,3303,0.1998,0.1865,0.2138,0.4502,0.1771,0.4438,0.386,0.2818,0.0094,0.0076,0,0.52,35.4,0.9154,0.1032,0.1554,0.2049,0.2183
388,74,apache,2044,0.1986,0.1819,0.2165,0.4692,0.1918,0.4234,0.3691,0.2931,0.0342,0.023,0,0.54,32.2,0.9376,0.476,0.2076,0.1905,0.2118
389,87,swagger,1229,0.2034,0.1819,0.2268,0.4361,0.1831,0.4664,0.4098,0.312,0.0203,0.0163,0,0.5,38.7,0.9091,0.1831,0.2267,0.1982,0.2238
390,78,networking,1761,0.1993,0.1813,0.2186,0.4753,0.2033,0.4194,0.3553,0.208,0.0301,0.0114,0,0.56,44.6,0.9117,0.2181,0.138,0.2164,0.2186
391,60,maven,3549,0.1939,0.1812,0.2072,0.472,0.1933,0.4107,0.3468,0.3372,0.024,0.0197,0,0.56,38.4,0.9077,0.2468,0.1758,0.1998,0.2136
392,63,woocommerce,2879,0.1945,0.1805,0.2094,0.4262,0.1678,0.4564,0.3977,0.1643,0.0712,0.0611,0,0.49,21.5,0.9524,0.1323,0.0787,0.2122,0.2042
393,93,openssl,1004,0.2042,0.1804,0.2302,0.4173,0.1683,0.4893,0.4371,0.3463,0.0209,0.0169,0,0.47,37.3,0.9276,0.1882,0.1852,0.2086,0.2201
394,75,oauth-2.0,1737,0.198,0.18,0.2174,0.4957,0.2078,0.3995,0.3416,0.2326,0.0058,0.0029,1,0.58,33.2,0.8935,0.232,0.2283,0.1889,0.2216
395,58,deep-learning,3110,0.1926,0.1791,0.2068,0.4627,0.1875,0.4163,0.3714,0.1319,0.0186,0.0077,0,0.52,27.7,0.9244,0.1826,0.1444,0.2034,0.2084
396,76,ssh,1595,0.1975,0.1787,0.2177,0.4984,0.1975,0.3962,0.3431,0.2794,0.0527,0.0376,0,0.58,41.1,0.9104,0.2213,0.1133,0.2214,0.2169
397,44,android-studio,7351,0.1873,0.1786,0.1964,0.498,0.1696,0.3761,0.2906,0.1924,0.0286,0.0226,0,0.64,38.9,0.9077,0.1589,0.1438,0.1955,0.2064
398,72,email,1765,0.1955,0.1776,0.2146,0.5184,0.1881,0.377,0.3029,0.1913,0.0459,0.0351,0,0.65,45.6,0.9299,0.2215,0.1739,0.2016,0.2102
399,65,sockets,2163,0.1937,0.1776,0.2109,0.4115,0.1859,0.4708,0.4052,0.1814,0.0333,0.0296,0,0.48,33.6,0.9437,0.1086,0.1702,0.1966,0.2053
400,41,visual-studio-code,9207,0.1854,0.1776,0.1935,0.4921,0.1886,0.3767,0.3057,0.2373,0.0298,0.0248,0,0.61,40.9,0.8942,0.3656,0.1631,0.1983,0.2073
401,88,printing,924,0.2013,0.1767,0.2284,0.5152,0.2294,0.3908,0.2801,0.1183,0.0509,0.039,0,0.72,64.8,0.9254,0.0909,0.0833,0.2131,0.2175
402,56,jupyter-notebook,2895,0.1896,0.1758,0.2043,0.4902,0.1976,0.3869,0.3192,0.1366,0.0325,0.029,0,0.59,43.9,0.9274,0.1161,0.128,0.1977,0.2045
403,61,web,2382,0.191,0.1757,0.2073,0.5067,0.1914,0.377,0.2993,0.1055,0.0567,0.0361,0,0.64,56.8,0.9267,0.0982,0.1368,0.1969,0.2061
404,86,package,1053,0.1975,0.1746,0.2227,0.4454,0.2023,0.4435,0.363,0.1683,0.0522,0.038,0,0.54,49.0,0.9043,0.0608,0.1719,0.1992,0.2184
405,80,devops,1165,0.1957,0.1739,0.2195,0.5279,0.2266,0.3707,0.3248,0.2719,0.0094,0.0052,0,0.6,44.1,0.8872,0.0712,0.1325,0.2006,0.2206
406,66,security,1687,0.1915,0.1734,0.2109,0.4742,0.2401,0.4037,0.3436,0.13,0.0344,0.0178,0,0.56,42.6,0.9073,0.3035,0.1797,0.1966,0.211
407,85,objective-c,997,0.1966,0.1731,0.2224,0.4373,0.1956,0.4495,0.396,0.2041,0.0311,0.0271,0,0.5,32.7,0.9423,0.2437,0.2099,0.1923,0.2086
408,49,ubuntu,3222,0.1856,0.1726,0.1994,0.4631,0.1875,0.4008,0.3297,0.2575,0.0552,0.0292,0,0.56,47.2,0.9158,0.2737,0.1508,0.1987,0.2027
409,59,debugging,1967,0.1891,0.1724,0.207,0.4606,0.2135,0.4106,0.3382,0.2742,0.0315,0.0219,0,0.56,47.7,0.8942,0.183,0.1528,0.1973,0.2115
410,84,rabbitmq,965,0.1959,0.172,0.2221,0.4487,0.1699,0.4365,0.3962,0.2804,0.0114,0.0104,0,0.49,29.9,0.9087,0.2622,0.1818,0.2008,0.2155
411,33,wordpress,8604,0.1795,0.1715,0.1877,0.4763,0.1554,0.3768,0.3158,0.1736,0.0346,0.0246,0,0.57,28.1,0.938,0.4213,0.1357,0.2113,0.1913
412,43,authentication,3730,0.1831,0.171,0.1958,0.4702,0.1689,0.3894,0.3306,0.2138,0.0155,0.0107,0,0.55,45.6,0.8999,0.2223,0.1653,0.1882,0.2035
413,69,flutter-dependencies,1358,0.1907,0.1707,0.2125,0.5913,0.2032,0.3225,0.2302,0.1351,0.0096,0.0059,0,0.83,53.5,0.887,0.011,0.0667,0.1921,0.215
414,68,computer-vision,1295,0.19,0.1695,0.2122,0.4332,0.2147,0.4385,0.3727,0.1585,0.0224,0.0147,0,0.51,31.0,0.9145,0.0811,0.1048,0.1975,0.2077
415,77,anaconda,1007,0.1927,0.1695,0.2182,0.5015,0.1946,0.3842,0.3316,0.1753,0.0516,0.0437,0,0.58,43.7,0.9065,0.0874,0.2045,0.1915,0.2125
416,81,jdbc,906,0.1932,0.1688,0.2201,0.4834,0.2163,0.3995,0.3333,0.1943,0.096,0.085,0,0.58,43.6,0.9259,0.1049,0.1474,0.1985,0.2086
417,42,gradle,3529,0.1811,0.1687,0.1941,0.4486,0.1646,0.4037,0.3358,0.3928,0.0164,0.0139,0,0.54,41.0,0.9025,0.1635,0.1629,0.1846,0.2006
418,73,puppeteer,967,0.1903,0.1668,0.2162,0.4478,0.1572,0.4249,0.3594,0.2283,0.0196,0.0176,0,0.53,31.7,0.8976,0.1013,0.1531,0.1945,0.212
419,57,pycharm,1411,0.1843,0.1649,0.2053,0.5011,0.2062,0.3678,0.2975,0.1692,0.1042,0.0886,0,0.62,53.3,0.9253,0.1283,0.1492,0.1894,0.1991
420,64,conv-neural-network,1137,0.1865,0.1649,0.2101,0.4485,0.1715,0.4157,0.3655,0.1179,0.0237,0.0114,0,0.51,32.3,0.9339,0.0651,0.0676,0.1947,0.1996
421,62,keycloak,1113,0.1851,0.1634,0.209,0.4429,0.1743,0.4178,0.3665,0.3252,0.0063,0.0036,1,0.5,28.0,0.8996,0.2857,0.1667,0.1925,0.2058
422,50,ionic-framework,1733,0.1806,0.1632,0.1994,0.4582,0.1466,0.3942,0.3309,0.278,0.0087,0.0058,0,0.55,36.2,0.8943,0.1506,0.1494,0.1861,0.202
423,36,expo,2573,0.1757,0.1615,0.1909,0.4365,0.1512,0.4025,0.3333,0.3319,0.007,0.0043,0,0.53,38.9,0.8828,0.0268,0.058,0.1789,0.199
424,25,npm,4962,0.1693,0.1591,0.18,0.4857,0.1608,0.3485,0.2793,0.2917,0.0204,0.0173,0,0.61,51.5,0.8842,0.155,0.1339,0.1758,0.1915
425,55,jenkins-pipeline,1113,0.1788,0.1574,0.2024,0.4555,0.1572,0.3925,0.3485,0.2513,0.0144,0.0117,0,0.51,27.5,0.9087,0.0898,0.1,0.1866,0.1968
426,51,video,1209,0.1778,0.1573,0.2004,0.4309,0.1795,0.4127,0.362,0.1767,0.0141,0.0116,0,0.49,36.2,0.9513,0.2117,0.1719,0.1794,0.1869
427,34,automation,1992,0.1727,0.1567,0.1899,0.5015,0.1867,0.3443,0.285,0.0901,0.0221,0.0141,0,0.61,41.9,0.9297,0.127,0.1344,0.1783,0.1857
428,27,graphql,2993,0.1694,0.1564,0.1833,0.414,0.1373,0.4092,0.3731,0.2643,0.0077,0.0053,0,0.45,34.1,0.8864,0.2559,0.1606,0.1724,0.1911
429,45,mobile,1324,0.1752,0.1557,0.1966,0.4653,0.1458,0.3766,0.2907,0.1379,0.0181,0.0113,0,0.6,53.3,0.9317,0.0718,0.0737,0.1831,0.1881
430,31,pdf,2380,0.1697,0.1552,0.1854,0.4282,0.1731,0.3965,0.3395,0.2649,0.0185,0.013,0,0.5,37.0,0.8998,0.179,0.1526,0.1735,0.1887
431,46,caching,1257,0.175,0.155,0.197,0.428,0.1885,0.4089,0.3354,0.2,0.0191,0.0135,0,0.52,45.7,0.9283,0.187,0.1532,0.18,0.1885
432,40,cookies,1544,0.1729,0.1549,0.1926,0.4152,0.1256,0.4165,0.3594,0.2884,0.022,0.0201,0,0.48,41.1,0.9144,0.1205,0.129,0.1789,0.1891
433,52,https,1032,0.1764,0.1543,0.2008,0.4186,0.1531,0.4213,0.3647,0.2582,0.0184,0.0155,0,0.48,44.2,0.91,0.0736,0.1316,0.1799,0.1938
434,53,apple-m1,973,0.1768,0.1541,0.202,0.4985,0.2086,0.3546,0.296,0.4244,0.0298,0.0216,0,0.6,57.0,0.8152,0.0308,0.0667,0.1803,0.2169
435,54,grafana,946,0.1765,0.1536,0.2021,0.4091,0.1681,0.4315,0.3848,0.2156,0.0053,0.0042,0,0.46,25.1,0.8978,0.2949,0.1541,0.1859,0.1966
436,20,nginx,3833,0.1628,0.1514,0.1748,0.4031,0.1372,0.4039,0.3527,0.3349,0.011,0.0086,0,0.46,32.6,0.9096,0.4127,0.1599,0.1648,0.179
437,32,redis,1817,0.1679,0.1514,0.1857,0.4392,0.1893,0.3822,0.3378,0.2361,0.0055,0.005,0,0.5,33.3,0.8764,0.2201,0.175,0.1658,0.1915
438,39,build,1216,0.1694,0.1494,0.1915,0.4416,0.1546,0.3836,0.3219,0.4126,0.0247,0.0189,0,0.53,48.5,0.8766,0.0929,0.1327,0.1732,0.1933
439,48,microservices,892,0.1726,0.1493,0.1988,0.5336,0.2175,0.3235,0.2711,0.1623,0.0179,0.0056,0,0.64,47.2,0.8902,0.1099,0.1735,0.1725,0.1939
440,47,shopify,911,0.1723,0.1492,0.1982,0.5038,0.1471,0.342,0.2985,0.2102,0.0088,0.0066,0,0.58,29.0,0.9075,0.3557,0.1636,0.1772,0.1899
441,18,jenkins,3048,0.1594,0.1469,0.1729,0.4327,0.1457,0.3685,0.3264,0.2531,0.0135,0.0112,0,0.49,25.4,0.9153,0.5525,0.1609,0.1576,0.1742
442,29,electron,1476,0.1646,0.1466,0.1844,0.3726,0.1369,0.4418,0.3913,0.3004,0.0102,0.0095,0,0.42,30.3,0.8836,0.1721,0.1457,0.1686,0.1863
443,37,prometheus,1075,0.1674,0.1463,0.1909,0.4298,0.1721,0.3896,0.3529,0.2,0.0047,0.0028,1,0.47,25.3,0.8738,0.4456,0.1691,0.1661,0.1916
444,38,typeorm,1045,0.1675,0.1461,0.1913,0.4278,0.1321,0.3915,0.3405,0.2343,0.0038,0.0038,0,0.49,35.7,0.8883,0.0804,0.119,0.1717,0.1885
445,16,heroku,2935,0.1584,0.1457,0.1721,0.4262,0.1261,0.3717,0.3207,0.2645,0.0661,0.0617,0,0.49,37.4,0.8874,0.1513,0.1486,0.1602,0.1785
446,26,eclipse,1504,0.1616,0.1438,0.181,0.4009,0.1509,0.403,0.3437,0.284,0.0505,0.0419,0,0.47,34.6,0.9205,0.3617,0.1415,0.1729,0.1755
447,35,file-upload,974,0.1653,0.1433,0.1899,0.4312,0.1407,0.3833,0.3246,0.236,0.0277,0.0267,0,0.51,47.1,0.9306,0.0955,0.043,0.1782,0.1776
448,28,iis,1138,0.1617,0.1414,0.1842,0.4622,0.1195,0.3498,0.3082,0.4674,0.0167,0.0132,1,0.52,32.3,0.902,0.2232,0.1299,0.1708,0.1793
449,30,angularjs,1076,0.1617,0.1409,0.1849,0.4535,0.1543,0.3566,0.291,0.1552,0.0204,0.0158,0,0.56,41.8,0.9405,0.3374,0.1488,0.1683,0.1719
450,24,deployment,1320,0.1591,0.1404,0.1798,0.4591,0.1606,0.3465,0.2917,0.2762,0.0265,0.0205,0,0.55,48.3,0.8898,0.1288,0.1412,0.1617,0.1788
451,9,webpack,3191,0.1523,0.1403,0.1652,0.3767,0.1279,0.4043,0.3542,0.4753,0.0116,0.0097,0,0.43,36.5,0.8869,0.1802,0.1235,0.1586,0.1717
452,23,socket.io,1254,0.1571,0.138,0.1783,0.3772,0.1172,0.4165,0.3703,0.2944,0.0088,0.0064,0,0.42,36.0,0.8914,0.0502,0.127,0.1587,0.1762
453,10,ssl,2277,0.1515,0.1374,0.1668,0.3922,0.137,0.3863,0.345,0.4203,0.0321,0.0255,0,0.44,36.3,0.8938,0.2587,0.1528,0.1511,0.1695
454,22,raspberry-pi,1208,0.1565,0.1371,0.178,0.4114,0.1482,0.3803,0.3304,0.2963,0.0265,0.0174,0,0.47,39.7,0.8915,0.202,0.0943,0.1722,0.1755
455,15,server,1704,0.152,0.1357,0.1698,0.4278,0.1573,0.3553,0.3019,0.1931,0.0317,0.017,0,0.5,46.0,0.9056,0.0992,0.0828,0.1596,0.1678
456,17,google-colaboratory,1295,0.1521,0.1336,0.1727,0.4324,0.1606,0.3518,0.2949,0.1574,0.0154,0.0093,0,0.52,41.9,0.8528,0.1328,0.1105,0.1585,0.1784
457,8,websocket,2251,0.1466,0.1326,0.1618,0.3638,0.1315,0.4029,0.365,0.2909,0.0107,0.0076,0,0.4,34.3,0.8753,0.1097,0.1377,0.1477,0.1675
458,21,tomcat,1020,0.1529,0.1322,0.1763,0.4098,0.149,0.3732,0.3277,0.2756,0.0451,0.0412,0,0.47,33.2,0.9017,0.1657,0.1065,0.1622,0.1696
459,11,audio,1457,0.1482,0.1309,0.1674,0.3905,0.1441,0.3796,0.3234,0.2407,0.0233,0.0185,0,0.46,38.0,0.9231,0.1654,0.1535,0.1472,0.1606
460,14,installation,1111,0.1476,0.128,0.1697,0.4653,0.1575,0.3172,0.2654,0.2805,0.0342,0.0207,0,0.56,50.6,0.9266,0.2313,0.144,0.1487,0.1593
461,19,session,896,0.1496,0.1277,0.1744,0.4174,0.1317,0.3583,0.3109,0.2463,0.0424,0.0391,0,0.48,45.0,0.8816,0.0993,0.0337,0.1623,0.1696
462,12,iframe,1177,0.1461,0.1271,0.1675,0.3866,0.1223,0.378,0.3116,0.2151,0.0204,0.017,0,0.47,36.9,0.9247,0.1113,0.0992,0.152,0.158
463,13,plugins,1009,0.1447,0.1243,0.1678,0.3895,0.109,0.3715,0.3326,0.2192,0.0109,0.0059,0,0.44,37.7,0.8957,0.1447,0.1712,0.1402,0.1615
464,5,google-chrome,2842,0.1351,0.123,0.1482,0.3607,0.1312,0.3746,0.3048,0.2292,0.0426,0.0359,0,0.44,35.8,0.8889,0.2882,0.094,0.1518,0.152
465,7,proxy,1057,0.1353,0.116,0.1572,0.3311,0.1145,0.4086,0.3695,0.3427,0.0114,0.0085,0,0.37,33.6,0.8938,0.1277,0.0815,0.1432,0.1514
466,6,firebase-cloud-messaging,978,0.1329,0.1131,0.1556,0.408,0.1421,0.3258,0.2725,0.3462,0.0307,0.0297,0,0.49,36.9,0.8387,0.0378,0.0541,0.136,0.1585
467,4,sharepoint,1140,0.1254,0.1075,0.1459,0.3746,0.1,0.3349,0.2967,0.1958,0.0053,0.0026,1,0.42,23.2,0.8994,0.4018,0.1245,0.1261,0.1395
468,1,google-chrome-extension,1792,0.1172,0.1031,0.1329,0.2913,0.1038,0.4023,0.359,0.2619,0.144,0.1356,0,0.33,23.0,0.9013,0.2137,0.0836,0.1263,0.13
469,2,browser,1069,0.116,0.0982,0.1366,0.3751,0.1282,0.3092,0.2622,0.1694,0.0327,0.0262,0,0.44,39.7,0.8921,0.1057,0.0708,0.1213,0.13
470,3,webview,896,0.1161,0.0967,0.1387,0.3225,0.0971,0.3599,0.3077,0.3173,0.0067,0.0089,0,0.38,31.6,0.9123,0.0357,0.0938,0.1169,0.1272
