feature_class,feature,bucket,n_questions,share_of_cohort,answer_rate,acceptance_rate,acceptance_given_answered,answer_lift,acceptance_lift
known_at_post_time,title_length_chars,a. under 35,103368,0.0918,0.6246,0.2966,0.4749,1.031,0.998
known_at_post_time,title_length_chars,b. 35-49,289258,0.2569,0.6205,0.3071,0.4949,1.024,1.033
known_at_post_time,title_length_chars,c. 50-64,316753,0.2814,0.6093,0.3037,0.4984,1.006,1.022
known_at_post_time,title_length_chars,d. 65-84,250981,0.2229,0.599,0.2973,0.4963,0.989,1.0
known_at_post_time,title_length_chars,e. 85 or more,165403,0.1469,0.5726,0.2676,0.4673,0.945,0.901
known_at_post_time,title_form,how,246359,0.2188,0.6418,0.3137,0.4888,1.059,1.056
known_at_post_time,title_form,other,613472,0.5449,0.6109,0.3081,0.5043,1.008,1.037
known_at_post_time,title_form,problem report,172838,0.1535,0.5337,0.2312,0.4332,0.881,0.778
known_at_post_time,title_form,what / which / where,20197,0.0179,0.6263,0.3087,0.4928,1.034,1.039
known_at_post_time,title_form,why,28790,0.0256,0.6358,0.3295,0.5182,1.049,1.109
known_at_post_time,title_form,yes-or-no question,44107,0.0392,0.59,0.2854,0.4837,0.974,0.96
known_at_post_time,title_ends_with_question_mark,no,869505,0.7724,0.5977,0.2913,0.4873,0.987,0.98
known_at_post_time,title_ends_with_question_mark,yes,256258,0.2276,0.6336,0.3171,0.5005,1.046,1.067
known_at_post_time,title_uses_urgency_words,no,1125046,0.9994,0.6059,0.2972,0.4906,1.0,1.0
known_at_post_time,title_uses_urgency_words,yes,717,6.0E-4,0.6011,0.2162,0.3596,0.992,0.727
known_at_post_time,body_text_length_chars,a. under 300,107776,0.0957,0.5733,0.2177,0.3797,0.946,0.733
known_at_post_time,body_text_length_chars,b. 300-699,293505,0.2607,0.6075,0.2837,0.4669,1.003,0.955
known_at_post_time,body_text_length_chars,c. 700-1499,361326,0.321,0.6281,0.3227,0.5138,1.037,1.086
known_at_post_time,body_text_length_chars,d. 1500-2999,227063,0.2017,0.6076,0.3181,0.5235,1.003,1.07
known_at_post_time,body_text_length_chars,e. 3000 or more,136093,0.1209,0.5663,0.2865,0.5059,0.935,0.964
known_at_post_time,code_blocks_in_body,a. none,282781,0.2512,0.5103,0.1966,0.3853,0.842,0.662
known_at_post_time,code_blocks_in_body,b. one,379897,0.3375,0.6207,0.3023,0.4869,1.025,1.017
known_at_post_time,code_blocks_in_body,c. 2-3,367989,0.3269,0.652,0.3515,0.5391,1.076,1.183
known_at_post_time,code_blocks_in_body,d. 4-8,93019,0.0826,0.6525,0.3661,0.5612,1.077,1.232
known_at_post_time,code_blocks_in_body,e. 9 or more,2077,0.0018,0.6423,0.3462,0.539,1.06,1.165
known_at_post_time,inline_code_spans_in_body,a. none,786308,0.6985,0.588,0.2695,0.4583,0.971,0.907
known_at_post_time,inline_code_spans_in_body,b. 1-2,171276,0.1521,0.6401,0.3432,0.5362,1.056,1.155
known_at_post_time,inline_code_spans_in_body,c. 3-9,146700,0.1303,0.6549,0.3785,0.578,1.081,1.274
known_at_post_time,inline_code_spans_in_body,d. 10 or more,21479,0.0191,0.6516,0.3877,0.5951,1.075,1.305
known_at_post_time,body_contains_error_output,no,987951,0.8776,0.6117,0.3015,0.4929,1.01,1.015
known_at_post_time,body_contains_error_output,yes,137812,0.1224,0.5642,0.266,0.4715,0.931,0.895
known_at_post_time,body_says_what_was_tried,no,951940,0.8456,0.6033,0.2933,0.4861,0.996,0.987
known_at_post_time,body_says_what_was_tried,yes,173823,0.1544,0.6199,0.3186,0.5139,1.023,1.072
known_at_post_time,body_states_expected_result,no,1043017,0.9265,0.6005,0.2907,0.4842,0.991,0.978
known_at_post_time,body_states_expected_result,yes,82746,0.0735,0.6741,0.3782,0.561,1.113,1.273
known_at_post_time,body_contains_image,no,993274,0.8823,0.6035,0.2937,0.4867,0.996,0.988
known_at_post_time,body_contains_image,yes,132489,0.1177,0.6238,0.323,0.5178,1.03,1.087
known_at_post_time,body_contains_link_other_than_image,no,899768,0.7993,0.6169,0.3003,0.4868,1.018,1.011
known_at_post_time,body_contains_link_other_than_image,yes,225995,0.2007,0.562,0.2846,0.5064,0.927,0.958
known_at_post_time,number_of_tags,1,133765,0.1188,0.6166,0.2979,0.4831,1.018,1.002
known_at_post_time,number_of_tags,2,282381,0.2508,0.6244,0.3109,0.4979,1.031,1.046
known_at_post_time,number_of_tags,3,311109,0.2764,0.6052,0.2988,0.4938,0.999,1.006
known_at_post_time,number_of_tags,4,220752,0.1961,0.5947,0.2899,0.4876,0.981,0.976
known_at_post_time,number_of_tags,5,177756,0.1579,0.5835,0.2809,0.4813,0.963,0.945
known_at_post_time,narrowest_tag_on_the_question,"a. under 1,000 questions this year",724695,0.6437,0.5643,0.2695,0.4776,0.931,0.907
known_at_post_time,narrowest_tag_on_the_question,"b. 1,000-9,999",264491,0.2349,0.6623,0.3358,0.5071,1.093,1.13
known_at_post_time,narrowest_tag_on_the_question,"c. 10,000-99,999",118272,0.1051,0.7126,0.3681,0.5165,1.176,1.239
known_at_post_time,narrowest_tag_on_the_question,"d. 100,000 or more (only mega-tags)",18305,0.0163,0.7492,0.375,0.5005,1.237,1.262
known_at_post_time,posting_hour_utc,a. 00-03,98465,0.0875,0.6206,0.3032,0.4886,1.024,1.02
known_at_post_time,posting_hour_utc,b. 04-07,148900,0.1323,0.6017,0.2815,0.4678,0.993,0.947
known_at_post_time,posting_hour_utc,c. 08-11,238279,0.2117,0.5936,0.2895,0.4877,0.98,0.974
known_at_post_time,posting_hour_utc,d. 12-15,264452,0.2349,0.5964,0.2949,0.4944,0.984,0.992
known_at_post_time,posting_hour_utc,e. 16-19,224620,0.1995,0.6124,0.3047,0.4975,1.011,1.025
known_at_post_time,posting_hour_utc,f. 20-23,151047,0.1342,0.6266,0.3136,0.5005,1.034,1.055
known_at_post_time,posting_day_utc,a. Monday,174024,0.1546,0.6004,0.2936,0.489,0.991,0.988
known_at_post_time,posting_day_utc,b. Tuesday,189682,0.1685,0.6004,0.2926,0.4874,0.991,0.985
known_at_post_time,posting_day_utc,c. Wednesday,193874,0.1722,0.599,0.2916,0.4868,0.989,0.981
known_at_post_time,posting_day_utc,d. Thursday,192187,0.1707,0.5954,0.2895,0.4862,0.983,0.974
known_at_post_time,posting_day_utc,e. Friday,170876,0.1518,0.6046,0.2973,0.4917,0.998,1.0
known_at_post_time,posting_day_utc,f. Saturday,101193,0.0899,0.6357,0.3186,0.5013,1.049,1.072
known_at_post_time,posting_day_utc,g. Sunday,103927,0.0923,0.6304,0.3149,0.4995,1.04,1.06
known_at_post_time,asker_account_age_at_post,a. same day as signup,149083,0.1336,0.5539,0.2085,0.3764,0.914,0.702
known_at_post_time,asker_account_age_at_post,b. under a month,87916,0.0788,0.6298,0.2919,0.4635,1.039,0.982
known_at_post_time,asker_account_age_at_post,c. under a year,217553,0.195,0.6253,0.3039,0.4859,1.032,1.023
known_at_post_time,asker_account_age_at_post,d. 1-3 years,219189,0.1964,0.6142,0.3146,0.5122,1.014,1.059
known_at_post_time,asker_account_age_at_post,e. over 3 years,442136,0.3962,0.6019,0.3133,0.5204,0.994,1.054
known_at_post_time,asker_prior_questions,a. none,292596,0.2622,0.5561,0.2176,0.3913,0.918,0.732
known_at_post_time,asker_prior_questions,b. 1-4,324828,0.2911,0.6024,0.2813,0.467,0.994,0.947
known_at_post_time,asker_prior_questions,c. 5-19,254777,0.2283,0.6239,0.3319,0.5321,1.03,1.117
known_at_post_time,asker_prior_questions,d. 20-99,170688,0.153,0.639,0.3654,0.5719,1.055,1.23
known_at_post_time,asker_prior_questions,e. 100 or more,72991,0.0654,0.662,0.388,0.5862,1.093,1.306
known_at_post_time,asker_prior_answers_written,a. none,607215,0.5442,0.5878,0.2563,0.4361,0.97,0.862
known_at_post_time,asker_prior_answers_written,b. 1-4,238903,0.2141,0.6138,0.3264,0.5317,1.013,1.098
known_at_post_time,asker_prior_answers_written,c. 5-19,144898,0.1299,0.6248,0.3467,0.5549,1.031,1.167
known_at_post_time,asker_prior_answers_written,d. 20-99,90516,0.0811,0.6372,0.3635,0.5704,1.052,1.223
known_at_post_time,asker_prior_answers_written,e. 100 or more,34348,0.0308,0.6692,0.3955,0.5909,1.105,1.331
known_at_post_time,asker_prior_acceptance_rate,a. never accepted before,38256,0.0343,0.5543,0.1546,0.2789,0.915,0.52
known_at_post_time,asker_prior_acceptance_rate,b. under a third,99887,0.0895,0.5698,0.2312,0.4057,0.94,0.778
known_at_post_time,asker_prior_acceptance_rate,c. a third to two thirds,235200,0.2108,0.6223,0.3431,0.5513,1.027,1.154
known_at_post_time,asker_prior_acceptance_rate,d. most of the time,113686,0.1019,0.6946,0.4776,0.6876,1.147,1.607
known_at_post_time,asker_prior_acceptance_rate,e. always,17468,0.0157,0.7026,0.4836,0.6883,1.16,1.627
known_at_post_time,asker_prior_acceptance_rate,f. fewer than 3 settled prior questions,611383,0.5479,0.5872,0.2582,0.4397,0.969,0.869
known_at_post_time,asker_prior_answer_rate,a. never answered before,1199,0.0011,0.5338,0.2168,0.4063,0.881,0.73
known_at_post_time,asker_prior_answer_rate,b. under a third,9720,0.0087,0.5312,0.2366,0.4455,0.877,0.796
known_at_post_time,asker_prior_answer_rate,c. a third to two thirds,70886,0.0635,0.5611,0.2684,0.4784,0.926,0.903
known_at_post_time,asker_prior_answer_rate,d. most of the time,335767,0.3009,0.6339,0.3547,0.5595,1.046,1.194
known_at_post_time,asker_prior_answer_rate,e. always,86925,0.0779,0.6592,0.3656,0.5546,1.088,1.23
known_at_post_time,asker_prior_answer_rate,f. fewer than 3 settled prior questions,611383,0.5479,0.5872,0.2582,0.4397,0.969,0.869
post_hoc,asker_account_later_deleted,no,1115880,0.9912,0.6047,0.296,0.4895,0.998,0.996
post_hoc,asker_account_later_deleted,yes,9883,0.0088,0.742,0.4271,0.5756,1.225,1.437
post_hoc,question_score,a. negative,81317,0.0722,0.9848,0.3983,0.4045,1.625,1.34
post_hoc,question_score,b. zero,762412,0.6772,0.5225,0.2362,0.4521,0.862,0.795
post_hoc,question_score,c. 1-2,256111,0.2275,0.7161,0.4277,0.5972,1.182,1.439
post_hoc,question_score,d. 3 or more,25923,0.023,0.78,0.4827,0.6188,1.287,1.624
post_hoc,question_view_count,a. under 50,465232,0.4133,0.4905,0.2301,0.4691,0.81,0.774
post_hoc,question_view_count,b. 50-199,475143,0.4221,0.6667,0.3385,0.5077,1.1,1.139
post_hoc,question_view_count,c. 200-999,164597,0.1462,0.7245,0.3517,0.4855,1.196,1.184
post_hoc,question_view_count,d. 1000 or more,20791,0.0185,0.8586,0.4226,0.4922,1.417,1.422
post_hoc,question_comment_count,a. none,507112,0.4505,0.6206,0.3135,0.5051,1.024,1.055
post_hoc,question_comment_count,b. 1-2,341804,0.3036,0.5891,0.2743,0.4656,0.972,0.923
post_hoc,question_comment_count,c. 3-5,194211,0.1725,0.5946,0.2894,0.4867,0.981,0.974
post_hoc,question_comment_count,d. 6 or more,82636,0.0734,0.6114,0.3102,0.5074,1.009,1.044
